"date","close","volume","open","high","low"
"16:00","41.52","57,514,578","40.11","42.33","40"
"2019/07/25","38.1200","21255430.0000","39.0000","39.2300","37.9100"
"2019/07/24","38.7300","12488470.0000","38.0000","38.8000","37.7600"
"2019/07/23","37.9000","10741460.0000","37.8700","38.0200","36.8200"
"2019/07/22","37.5800","8415150.0000","36.9200","37.6900","36.8300"
"2019/07/19","36.7700","10842400.0000","37.9600","38.0900","36.7300"
"2019/07/18","37.6600","11125890.0000","37.3900","37.7950","37.0000"
"2019/07/17","37.7000","7926602.0000","37.8600","38.2300","37.5600"
"2019/07/16","37.9900","10979580.0000","38.7800","38.7900","37.8200"
"2019/07/15","38.6800","12738670.0000","38.0000","38.9700","37.9435"
"2019/07/12","37.8400","8048674.0000","37.3700","37.9000","37.1700"
"2019/07/11","37.2100","8549479.0000","37.6600","37.8700","36.9700"
"2019/07/10","37.4700","11831810.0000","37.9000","38.0300","36.8800"
"2019/07/09","37.6500","14217970.0000","36.3500","37.6700","36.2900"
"2019/07/08","36.4500","8058474.0000","36.0400","36.6400","35.8700"
"2019/07/05","36.2500","6084815.0000","36.0000","36.3500","35.6000"
"2019/07/03","36.0200","5372634.0000","36.2900","36.3900","35.9400"
"2019/07/02","36.2200","8398931.0000","36.1700","36.6000","35.8850"
"2019/07/01","36.0800","14416770.0000","35.5000","36.2500","35.2240"
"2019/06/28","34.9000","15505290.0000","34.7500","34.9900","34.2800"
"2019/06/27","34.7500","12655890.0000","35.4400","35.6400","34.6100"
"2019/06/26","35.2200","8744768.0000","34.9800","35.3800","34.9200"
"2019/06/25","34.7200","11196390.0000","35.5200","35.7300","34.5700"
"2019/06/24","35.5800","9216830.0000","35.1900","35.6700","34.8200"
"2019/06/21","35.0200","12853620.0000","35.5000","35.7500","34.9900"
"2019/06/20","35.4400","19676060.0000","36.3500","36.6500","35.3300"
"2019/06/19","36.2900","12059710.0000","36.6300","36.6800","35.8100"
"2019/06/18","36.6500","12705490.0000","36.7100","37.5100","36.5500"
"2019/06/17","36.4400","7895968.0000","36.2600","36.6800","36.1100"
"2019/06/14","36.1500","7791057.0000","36.3600","36.4900","36.0400"
"2019/06/13","36.3400","21679420.0000","37.0400","37.0400","35.7600"
"2019/06/12","37.4900","6795451.0000","37.1300","37.6169","37.0500"
"2019/06/11","37.2100","9528602.0000","38.0900","38.2600","36.8540"
"2019/06/10","37.6400","10036390.0000","38.3500","38.6400","37.6200"
"2019/06/07","37.9300","15399730.0000","36.8700","38.3100","36.8000"
"2019/06/06","36.5900","8862950.0000","36.2600","36.7500","35.9600"
"2019/06/05","36.3300","12798680.0000","36.5000","36.7100","35.9543"
"2019/06/04","36.1000","15357130.0000","35.1800","36.1500","34.9700"
"2019/06/03","34.4300","22217080.0000","36.4500","36.9000","34.0400"
"2019/05/31","36.4400","8556067.0000","36.6200","36.9600","36.3000"
"2019/05/30","37.1400","7413128.0000","37.0000","37.2933","36.6000"
"2019/05/29","36.8500","12270330.0000","37.0200","37.4000","36.5237"
"2019/05/28","37.2900","11770270.0000","37.4100","38.0400","37.2300"
"2019/05/24","37.4100","9303870.0000","37.4700","37.8500","37.2700"
"2019/05/23","37.1900","18398790.0000","38.1500","38.2900","36.8000"
"2019/05/22","38.5800","21105430.0000","37.4100","39.3200","37.2400"
"2019/05/21","37.4700","8861388.0000","37.4700","37.8600","37.3300"
"2019/05/20","37.1500","9411902.0000","37.1200","37.7250","36.9200"
"2019/05/17","37.5000","9090265.0000","37.8300","38.1250","37.4700"
"2019/05/16","38.3000","10104400.0000","38.1100","38.7200","38.0500"
"2019/05/15","37.9000","11523060.0000","36.6700","38.1400","36.6425"
"2019/05/14","36.9300","11125110.0000","37.0400","37.5200","36.6000"
"2019/05/13","36.5900","16829700.0000","37.5000","37.6434","36.3700"
"2019/05/10","38.4500","12258960.0000","38.6800","39.1600","37.8600"
"2019/05/09","38.7900","10010670.0000","38.1100","39.0200","37.8203"
"2019/05/08","38.5800","9168440.0000","38.4500","39.1500","38.3300"
"2019/05/07","38.6200","19283130.0000","39.9000","40.1500","38.1200"
"2019/05/06","40.2300","14517360.0000","39.6900","40.4400","39.4500"
"2019/05/03","40.8000","15577110.0000","40.4800","40.8200","39.9600"
"2019/05/02","39.9500","13419120.0000","39.2400","39.9999","38.8400"
"2019/05/01","39.2900","14962560.0000","40.0000","40.0700","39.2600"
"2019/04/30","39.9100","22884630.0000","39.7900","40.9200","39.6500"
"2019/04/29","39.7800","19655080.0000","38.6300","39.9700","38.6300"
"2019/04/26","38.6700","15262810.0000","38.5900","39.3400","38.1800"
"2019/04/25","38.4800","26010310.0000","39.2600","40.1300","38.1900"
"2019/04/24","39.2900","30229050.0000","39.8600","39.9500","38.8000"
"2019/04/23","39.7700","104130400.0000","36.9300","40.5350","36.9100"
"2019/04/22","34.3900","19627880.0000","34.4000","34.6150","33.8200"
"2019/04/18","34.4000","9771737.0000","34.6700","34.8600","34.3200"
"2019/04/17","34.4800","9015376.0000","34.7300","34.9000","34.2000"
"2019/04/16","34.4600","9384037.0000","34.8400","34.9900","34.2300"
"2019/04/15","34.7100","10240380.0000","34.3800","35.0300","34.3400"
"2019/04/12","34.3700","12697920.0000","34.6700","34.8300","34.1100"
"2019/04/11","34.5800","10968710.0000","34.7500","34.8700","34.4100"
"2019/04/10","34.7500","11118990.0000","35.2600","35.2700","34.5125"
"2019/04/09","35.1400","13870810.0000","34.8400","35.3900","34.8068"
"2019/04/08","34.8600","10641690.0000","34.7900","35.0600","34.5100"
"2019/04/05","34.7200","9537065.0000","34.5500","34.7999","34.3700"
"2019/04/04","34.4200","14334710.0000","34.7000","35.1353","33.9000"
"2019/04/03","34.3800","18023820.0000","34.0000","34.7600","33.8100"
"2019/04/02","33.7500","11594190.0000","33.4400","33.8900","33.2300"
"2019/04/01","33.4400","12395850.0000","33.1600","33.6800","32.7000"
"2019/03/29","32.8800","13506040.0000","33.1000","33.2400","32.4700"
"2019/03/28","32.8700","17733430.0000","32.2900","32.9300","31.7300"
"2019/03/27","32.2800","13587160.0000","32.9300","33.4522","31.9500"
"2019/03/26","33.0600","17245310.0000","32.9800","33.8600","32.9200"
"2019/03/25","32.5900","15240530.0000","32.8300","33.3000","32.2800"
"2019/03/22","33.0200","27936910.0000","32.5000","34.2100","32.3400"
"2019/03/21","32.6100","13320490.0000","32.3100","32.6900","32.0300"
"2019/03/20","32.5700","22344670.0000","31.2400","32.6500","31.1600"
"2019/03/19","31.2700","15521040.0000","31.1500","31.5000","30.8800"
"2019/03/18","31.0800","11557170.0000","31.2500","31.5800","30.8400"
"2019/03/15","31.2200","17361740.0000","31.0400","31.4100","30.7100"
"2019/03/14","31.0300","11998040.0000","31.2800","31.5500","30.9400"
"2019/03/13","31.3000","10077230.0000","31.3100","31.4800","31.0400"
"2019/03/12","31.1600","11998360.0000","31.1500","31.4100","30.8850"
"2019/03/11","30.8700","14281360.0000","30.2400","30.9100","30.2400"
"2019/03/08","30.0400","11955310.0000","29.6400","30.2100","29.4100"
"2019/03/07","30.1200","15766510.0000","30.7600","30.8400","30.0100"
"2019/03/06","30.8000","10931200.0000","30.9400","31.3390","30.5850"
"2019/03/05","31.0300","12998180.0000","30.5000","31.2300","30.3900"
"2019/03/04","30.5000","15894860.0000","30.7800","31.2600","30.0650"
"2019/03/01","30.6200","12318090.0000","31.1700","31.1900","30.2800"
"2019/02/28","30.7800","14740480.0000","30.2500","30.7900","30.0100"
"2019/02/27","30.4100","24590070.0000","30.9500","31.0000","29.9000"
"2019/02/26","31.0100","17490510.0000","31.8900","31.9600","30.9900"
"2019/02/25","31.9900","14835110.0000","31.9900","32.7100","31.8800"
"2019/02/22","31.7100","15376970.0000","30.8100","31.7300","30.8100"
"2019/02/21","30.7600","13922730.0000","31.3600","31.4800","30.6000"
"2019/02/20","31.3700","16839660.0000","31.7100","31.9300","31.2100"
"2019/02/19","31.6500","14362110.0000","31.2300","32.1100","31.1500"
"2019/02/15","31.2300","17567830.0000","31.2000","31.8000","30.9700"
"2019/02/14","30.9600","15285580.0000","30.8600","31.2800","30.6000"
"2019/02/13","31.1200","29334890.0000","30.5700","31.8400","30.5500"
"2019/02/12","30.3900","20225210.0000","30.4400","30.8000","30.2300"
"2019/02/11","30.2300","28810000.0000","30.1700","30.4400","29.6598"
"2019/02/08","30.0100","40635190.0000","30.4700","30.7400","29.4200"
"2019/02/07","30.8000","69631040.0000","31.1700","31.7300","30.3100"
"2019/02/06","34.1600","33399890.0000","35.0500","35.2500","33.7500"
"2019/02/05","34.3700","17511500.0000","34.2900","34.5700","33.9200"
"2019/02/04","33.9400","14209190.0000","33.3400","34.1800","33.2400"
"2019/02/01","33.1900","18798250.0000","33.5600","34.0900","32.9600"
"2019/01/31","33.5600","21171060.0000","33.0700","33.6900","32.7900"
"2019/01/30","32.2600","17010160.0000","32.0400","32.3800","31.4200"
"2019/01/29","31.6400","18818950.0000","33.3300","33.5500","31.4600"
"2019/01/28","33.1300","21665470.0000","32.6500","33.2000","32.1200"
"2019/01/25","32.9000","22512750.0000","31.9900","33.6200","31.9800"
"2019/01/24","31.6100","12461320.0000","30.9400","31.7300","30.9100"
"2019/01/23","30.9700","21067810.0000","32.2600","32.4500","30.7200"
"2019/01/22","32.2500","17257130.0000","32.9700","33.3500","31.9250"
"2019/01/18","33.2700","16757730.0000","33.0500","33.8900","32.7700"
"2019/01/17","32.8500","11733010.0000","32.4700","33.0850","32.3900"
"2019/01/16","32.4700","10091930.0000","33.1000","33.3000","32.4400"
"2019/01/15","33.0200","13485040.0000","32.5100","33.3500","32.4500"
"2019/01/14","32.3700","9507037.0000","32.3800","32.7500","32.1200"
"2019/01/11","32.8700","17721130.0000","32.8500","33.2000","32.4300"
"2019/01/10","33.0900","30381240.0000","33.0800","33.5000","32.2600"
"2019/01/09","32.2500","14533050.0000","31.8000","32.4000","31.5400"
"2019/01/08","31.8000","16708400.0000","31.7000","32.0500","30.9100"
"2019/01/07","31.3400","19885220.0000","30.2000","31.3800","29.7680"
"2019/01/04","29.9500","23265250.0000","28.3900","30.1000","28.3100"
"2019/01/03","27.9900","19058190.0000","28.3800","29.1800","27.9400"
"2019/01/02","28.8100","15013080.0000","28.2600","28.9870","27.8700"
"2018/12/31","28.7400","15834880.0000","28.6000","29.1300","28.3400"
"2018/12/28","28.4300","21813380.0000","28.9300","29.1400","27.8400"
"2018/12/27","28.6800","31941680.0000","28.1400","28.9200","27.2600"
"2018/12/26","28.6600","35433940.0000","27.0000","28.7000","26.8000"
"2018/12/24","26.4500","18208310.0000","26.5500","27.2700","26.2600"
"2018/12/21","27.3100","38641820.0000","29.3100","29.7600","27.0400"
"2018/12/20","29.2900","51934420.0000","32.5900","32.7200","28.5100"
"2018/12/19","32.9300","24772700.0000","33.7100","34.7000","32.6600"
"2018/12/18","33.7400","18608720.0000","33.6300","34.1700","33.0800"
"2018/12/17","33.4300","23707400.0000","35.6800","35.7000","33.2000"
"2018/12/14","35.8700","19523150.0000","35.2500","36.6200","35.0500"
"2018/12/13","35.8900","22806360.0000","36.4000","36.4900","35.3000"
"2018/12/12","36.2500","32540050.0000","34.9700","37.1350","34.8500"
"2018/12/11","34.4500","30074610.0000","34.1300","35.7500","33.8800"
"2018/12/10","33.4300","19960930.0000","32.7300","33.6400","32.2550"
"2018/12/07","32.8300","29448580.0000","32.8400","34.3700","32.6750"
"2018/12/06","32.9600","25712700.0000","32.4600","32.9700","31.1100"
"2018/12/04","32.5600","22400860.0000","33.2800","34.1600","32.5000"
"2018/12/03","33.6600","23822980.0000","32.2400","33.8500","32.2100"
"2018/11/30","31.4500","25827270.0000","31.1500","31.5500","30.1100"
"2018/11/29","31.3000","49903500.0000","32.4600","32.5400","29.8700"
"2018/11/28","32.7300","18854060.0000","33.0000","33.0000","31.7200"
"2018/11/27","32.6100","10719390.0000","32.4400","33.1000","32.3600"
"2018/11/26","32.8200","16833340.0000","31.5970","32.8700","31.5200"
"2018/11/23","31.1200","5813907.0000","31.3000","31.9600","31.1100"
"2018/11/21","31.6100","16462160.0000","31.6700","32.0800","31.1000"
"2018/11/20","31.0600","20882950.0000","29.9700","31.7350","29.9400"
"2018/11/19","31.9800","15720270.0000","33.5600","33.6000","31.8400"
"2018/11/16","33.6700","17856170.0000","32.8300","33.9200","32.6000"
"2018/11/15","33.1500","16803360.0000","32.7900","33.3600","32.6200"
"2018/11/14","32.9100","18738410.0000","32.8900","33.8500","32.7500"
"2018/11/13","32.4900","17147590.0000","32.2400","32.8500","31.4700"
"2018/11/12","32.0100","18121150.0000","34.0000","34.1050","31.7800"
"2018/11/09","34.0800","16026030.0000","33.7500","34.4200","33.3900"
"2018/11/08","34.1800","14077470.0000","34.8800","34.9900","33.8700"
"2018/11/07","34.9900","16147360.0000","34.7500","35.1200","34.3800"
"2018/11/06","34.4200","15268650.0000","33.9600","34.8123","33.8400"
"2018/11/05","34.0200","17978260.0000","34.2600","34.2800","33.3700"
"2018/11/02","34.3000","23982300.0000","34.8700","35.3500","33.8500"
"2018/11/01","34.6200","25284280.0000","34.6000","34.9100","33.8200"
"2018/10/31","34.7500","33038010.0000","34.3700","35.6373","34.3500"
"2018/10/30","33.8600","43142530.0000","31.7700","34.5500","31.3000"
"2018/10/29","32.3900","40643380.0000","32.4600","33.7500","31.6200"
"2018/10/26","32.3600","47695030.0000","31.2000","33.1353","30.9400"
"2018/10/25","31.8000","78927630.0000","31.3200","33.6700","30.7600"
"2018/10/24","27.5400","33113320.0000","28.8500","29.7700","27.3050"
"2018/10/23","28.7700","26199860.0000","28.4800","29.0200","28.0700"
"2018/10/22","29.1800","21713100.0000","29.0500","29.2800","28.3100"
"2018/10/19","28.8300","20084520.0000","29.3300","29.7900","28.6800"
"2018/10/18","29.2900","24150710.0000","29.4000","30.2400","28.9750"
"2018/10/17","29.5500","19352810.0000","29.9500","30.1400","28.9600"
"2018/10/16","29.8700","18388250.0000","29.1000","29.8900","28.8400"
"2018/10/15","28.6100","20213280.0000","27.8500","29.0500","27.5900"
"2018/10/12","27.9900","27057240.0000","28.0900","28.1700","27.2600"
"2018/10/11","27.0000","33035210.0000","26.3510","27.5800","26.1900"
"2018/10/10","26.7900","40292090.0000","29.1200","29.1200","26.7614"
"2018/10/09","29.2700","22745360.0000","28.7000","29.5650","28.3400"
"2018/10/08","28.4500","22105150.0000","28.2100","28.9390","27.7200"
"2018/10/05","28.3900","28976290.0000","28.3400","28.9600","27.9700"
"2018/10/04","28.2300","21103040.0000","28.7500","28.7600","27.8700"
"2018/10/03","29.0100","19339930.0000","28.3800","29.1200","28.2500"
"2018/10/02","28.1900","17710100.0000","28.1400","28.6200","27.9100"
"2018/10/01","28.3100","20500780.0000","28.5100","28.7000","28.0000"
"2018/09/28","28.4600","22707810.0000","29.2500","29.2800","28.4100"
"2018/09/27","29.4200","14810960.0000","29.0600","29.6900","28.8800"
"2018/09/26","29.0100","12722360.0000","29.2000","29.4500","28.8000"
"2018/09/25","29.1100","16067190.0000","28.7500","29.2400","28.4400"
"2018/09/24","28.6000","20183030.0000","28.3300","29.1150","27.9300"
"2018/09/21","28.5000","43095250.0000","29.8600","29.9500","28.4900"
"2018/09/20","29.8500","15373460.0000","29.7000","30.0200","29.2400"
"2018/09/19","29.5200","16017860.0000","29.1500","29.5600","28.8200"
"2018/09/18","29.2200","15838930.0000","28.8400","29.6300","28.7500"
"2018/09/17","28.8600","30528780.0000","29.0500","29.2800","28.4300"
"2018/09/14","30.1200","13439230.0000","30.4500","30.7700","30.0600"
"2018/09/13","30.3900","18498220.0000","30.1000","30.5700","29.8600"
"2018/09/12","29.7500","29802060.0000","30.6100","30.8300","29.2500"
"2018/09/11","30.8900","15957930.0000","30.4400","31.4400","30.3500"
"2018/09/10","30.5400","17772230.0000","30.5000","30.6000","29.9531"
"2018/09/07","30.4900","31433480.0000","30.3100","31.3900","29.8200"
"2018/09/06","30.8100","35978980.0000","32.8600","32.9500","30.6200"
"2018/09/05","32.7300","35988120.0000","34.6500","34.7000","32.5100"
"2018/09/04","34.8400","13537310.0000","34.7500","35.1250","34.4800"
"2018/08/31","35.1800","19050420.0000","35.5700","35.7201","34.5900"
"2018/08/30","35.6400","19199030.0000","35.2700","36.1490","35.2100"
"2018/08/29","35.3500","17695410.0000","35.4100","35.6000","34.8100"
"2018/08/28","35.4900","22235080.0000","35.9800","36.0400","34.8900"
"2018/08/27","35.8900","28243850.0000","34.6600","36.0000","34.4800"
"2018/08/24","34.2800","15187310.0000","34.0000","34.4900","33.9279"
"2018/08/23","33.8800","25719640.0000","33.9000","34.7400","33.7200"
"2018/08/22","33.8100","18521270.0000","33.4500","34.1700","33.3500"
"2018/08/21","33.6900","29260400.0000","32.7500","34.1400","32.6000"
"2018/08/20","32.6000","16501100.0000","32.7900","32.9400","32.2000"
"2018/08/17","32.7300","14862530.0000","32.7400","33.0900","32.3400"
"2018/08/16","32.8300","20834210.0000","32.7000","33.1500","32.4150"
"2018/08/15","32.3800","26386910.0000","32.8100","33.2300","31.9510"
"2018/08/14","33.1900","26341540.0000","33.4000","33.4300","32.5150"
"2018/08/13","32.8000","44070060.0000","32.0400","33.6200","32.0200"
"2018/08/10","32.0100","16056230.0000","31.6500","32.2500","31.4700"
"2018/08/09","31.9600","17606820.0000","31.8500","32.3800","31.6100"
"2018/08/08","31.8400","22458600.0000","32.7500","32.7800","31.8100"
"2018/08/07","32.6700","24569840.0000","33.1000","33.6100","32.5500"
"2018/08/06","32.9800","27485400.0000","31.8200","33.0400","31.4500"
"2018/08/03","31.9600","26220780.0000","32.5800","32.9900","31.8000"
"2018/08/02","32.8200","26846250.0000","31.5800","32.8700","31.3400"
"2018/08/01","31.9100","33181860.0000","32.2500","32.5900","31.4600"
"2018/07/31","31.8700","64248300.0000","31.9500","32.4800","31.0700"
"2018/07/30","31.3800","77530640.0000","34.1700","34.2600","31.0700"
"2018/07/27","34.1200","122714400.0000","37.2500","37.4700","33.9000"
"2018/07/26","42.9400","27627700.0000","42.8700","43.4100","42.1400"
"2018/07/25","44.2200","24932080.0000","42.3500","44.3900","42.3500"
"2018/07/24","42.1700","22403190.0000","43.7700","43.8000","41.5900"
"2018/07/23","43.3100","15139550.0000","43.4500","43.8500","42.4000"
"2018/07/20","43.4200","10433000.0000","43.5000","44.1300","43.2300"
"2018/07/19","43.4400","13255130.0000","43.2700","43.8700","43.1100"
"2018/07/18","43.3400","26494890.0000","44.1900","44.7500","42.7400"
"2018/07/17","44.7100","18135040.0000","43.5900","45.2600","43.1500"
"2018/07/16","44.2600","12936760.0000","44.3000","44.7300","43.9100"
"2018/07/13","44.4900","16414440.0000","45.2800","45.3200","43.9300"
"2018/07/12","45.2600","26966280.0000","44.8000","45.3400","44.3600"
"2018/07/11","43.8700","35043250.0000","42.6300","44.1000","42.2200"
"2018/07/10","43.7500","38268380.0000","44.2000","45.2600","43.6300"
"2018/07/09","44.1400","107298100.0000","46.7400","46.9000","42.0800"
"2018/07/06","46.6500","23700210.0000","44.9100","46.7500","44.6100"
"2018/07/05","45.0600","16131730.0000","44.0700","45.1100","43.5500"
"2018/07/03","43.8900","14237480.0000","45.3600","45.4800","43.8000"
"2018/07/02","44.9800","16665570.0000","43.0600","45.0000","42.7500"
"2018/06/29","43.6700","24373670.0000","45.0500","45.2000","43.5600"
"2018/06/28","44.7900","18892970.0000","43.6500","44.8400","42.4900"
"2018/06/27","43.7000","25834530.0000","45.5000","46.2200","43.6800"
"2018/06/26","44.8400","20165410.0000","44.3600","45.3200","43.5100"
"2018/06/25","44.1700","31326590.0000","45.4700","45.5200","43.3250"
"2018/06/22","45.8800","31076330.0000","45.5800","46.0100","44.5000"
"2018/06/21","45.2400","32158090.0000","46.3600","46.8700","44.2000"
"2018/06/20","46.1300","31187440.0000","45.5600","46.9200","45.4401"
"2018/06/19","44.9500","39205270.0000","45.1900","45.7100","43.5700"
"2018/06/18","46.0000","25927580.0000","45.3350","46.2564","44.5000"
"2018/06/15","45.8000","51368130.0000","46.6200","47.7900","45.6400"
"2018/06/14","46.7600","50818930.0000","44.5500","46.8000","44.5000"
"2018/06/13","44.0700","35111950.0000","44.2400","44.5500","43.4199"
"2018/06/12","43.4900","50866610.0000","42.4700","44.3300","42.4100"
"2018/06/11","41.4200","24542900.0000","41.4200","41.6900","40.6600"
"2018/06/08","41.2100","34219060.0000","39.4900","41.2600","39.4200"
"2018/06/07","39.7000","41394940.0000","40.1400","40.1600","38.6400"
"2018/06/06","40.1000","147568800.0000","39.4200","40.2300","39.2100"
"2018/06/05","39.8000","66050920.0000","39.5300","40.1600","39.1900"
"2018/06/04","37.8800","31612240.0000","36.4500","37.9800","35.9500"
"2018/06/01","36.6500","29513480.0000","35.1400","36.6900","35.0900"
"2018/05/31","34.7000","14384330.0000","34.3900","34.9700","34.2500"
"2018/05/30","34.3600","14569630.0000","34.2000","34.6550","34.0800"
"2018/05/29","34.0400","22074440.0000","33.4200","34.8300","33.3500"
"2018/05/25","33.6300","10393150.0000","33.5400","33.9900","33.3100"
"2018/05/24","33.5200","14478980.0000","33.4400","33.7550","33.1200"
"2018/05/23","33.4200","13421520.0000","32.7000","33.4300","32.6000"
"2018/05/22","32.8600","14963750.0000","33.7800","33.8100","32.8300"
"2018/05/21","33.6300","21293480.0000","33.0200","34.0250","32.9000"
"2018/05/18","32.6300","10596940.0000","32.5500","32.9700","32.2108"
"2018/05/17","32.5800","10720510.0000","32.7800","33.0150","32.2810"
"2018/05/16","32.7700","10833230.0000","32.7500","33.2166","32.6700"
"2018/05/15","32.7500","15752460.0000","33.1700","33.1700","32.3600"
"2018/05/14","33.3900","17989270.0000","33.0700","33.5800","32.9300"
"2018/05/11","32.7500","14459130.0000","32.9400","33.1000","32.2501"
"2018/05/10","32.8700","20677330.0000","32.7100","33.7800","32.5800"
"2018/05/09","32.4600","20676100.0000","32.0700","32.7900","31.9400"
"2018/05/08","31.8500","19557810.0000","31.2000","32.0899","31.0300"
"2018/05/07","31.3300","18490880.0000","31.0600","31.8400","30.8800"
"2018/05/04","31.0400","21014240.0000","30.2200","31.3600","29.8500"
"2018/05/03","30.6700","19748180.0000","30.2100","31.0200","29.9700"
"2018/05/02","30.5500","22468300.0000","30.0000","31.2199","29.9500"
"2018/05/01","30.3000","30536510.0000","30.2100","31.0600","29.6000"
"2018/04/30","30.3100","41581500.0000","28.6200","30.7457","28.4300"
"2018/04/27","29.0000","37371070.0000","30.1700","30.3200","28.5900"
"2018/04/26","30.2700","43698300.0000","30.3500","31.4200","30.1200"
"2018/04/25","29.7500","92763280.0000","31.3500","32.0000","28.1400"
"2018/04/24","30.4700","40992160.0000","31.1800","31.6400","29.6300"
"2018/04/23","31.2200","29323210.0000","32.5100","32.6200","30.8500"
"2018/04/20","31.9100","34782560.0000","32.6500","33.1200","31.6500"
"2018/04/19","31.5400","22628420.0000","31.3700","32.2800","30.9600"
"2018/04/18","31.5400","25092800.0000","31.6700","32.0599","31.0700"
"2018/04/17","31.8400","46587210.0000","29.4500","32.0568","29.4300"
"2018/04/16","28.5800","11489940.0000","28.8500","28.9500","28.3600"
"2018/04/13","28.7600","12688700.0000","29.2400","29.4600","28.4300"
"2018/04/12","29.0000","17284790.0000","29.8900","29.9000","28.7800"
"2018/04/11","29.3900","25266040.0000","29.4600","29.8300","28.7300"
"2018/04/10","29.5300","28752270.0000","28.3600","30.3000","28.2800"
"2018/04/09","28.0100","13937830.0000","28.1000","28.7900","28.0000"
"2018/04/06","28.1000","15280170.0000","28.2800","29.0595","27.9700"
"2018/04/05","28.6400","24284070.0000","28.5100","29.3300","28.1000"
"2018/04/04","28.2500","21956470.0000","26.8500","28.3400","26.6000"
"2018/04/03","27.5400","26006760.0000","28.3600","28.8700","27.2200"
"2018/04/02","28.0400","24329410.0000","28.3700","28.7700","27.7500"
"2018/03/29","29.0100","36738820.0000","28.7600","29.3300","27.9000"
"2018/03/28","28.4500","47819980.0000","27.7800","29.1100","27.3900"
"2018/03/27","28.0700","80170100.0000","31.8500","31.9000","27.8800"
"2018/03/26","31.9100","25507460.0000","31.6900","32.4700","30.7000"
"2018/03/23","31.0300","24822110.0000","31.2600","32.0000","30.7907"
"2018/03/22","31.2000","29396150.0000","31.7700","32.1300","31.1750"
"2018/03/21","32.7300","43487480.0000","32.1900","33.1500","32.0500"
"2018/03/20","31.3500","82342750.0000","34.9200","34.9500","30.6100"
"2018/03/19","34.9800","22147210.0000","35.1300","35.7400","34.4100"
"2018/03/16","35.5800","13813800.0000","36.0000","36.2000","35.5200"
"2018/03/15","35.8000","20954030.0000","36.4100","36.4800","35.4000"
"2018/03/14","36.6000","41561040.0000","34.3000","36.8000","34.0900"
"2018/03/13","34.1100","22008930.0000","35.4000","35.5300","33.9000"
"2018/03/12","35.5000","21065740.0000","35.5300","35.7300","34.8300"
"2018/03/09","35.3500","19113020.0000","35.2000","35.5000","34.9367"
"2018/03/08","34.8500","24783840.0000","35.4200","35.8400","34.6800"
"2018/03/07","35.7600","33594990.0000","33.9900","35.8200","33.9900"
"2018/03/06","34.4300","22494130.0000","34.5800","34.9500","33.8600"
"2018/03/05","34.5800","34826690.0000","32.9000","34.9500","32.5800"
"2018/03/02","33.0000","24882840.0000","31.9300","33.0300","31.4900"
"2018/03/01","32.2400","25003880.0000","31.9500","32.5600","31.2600"
"2018/02/28","31.8600","24141190.0000","31.5000","32.8500","31.4700"
"2018/02/27","31.3200","16524560.0000","31.9100","32.2100","31.2600"
"2018/02/26","32.1600","15751780.0000","32.7000","32.7000","31.9600"
"2018/02/23","32.6600","17270870.0000","32.2000","32.6900","31.9700"
"2018/02/22","32.1100","29143910.0000","33.4300","33.4500","31.6300"
"2018/02/21","33.3800","29542190.0000","33.0300","34.0550","32.6472"
"2018/02/20","32.8400","22728870.0000","32.8800","33.5700","32.6800"
"2018/02/16","33.0600","27866430.0000","33.3700","33.5000","32.6800"
"2018/02/15","33.6100","31938560.0000","34.0300","34.3800","33.0599"
"2018/02/14","33.7500","39287330.0000","32.8500","33.9800","32.5500"
"2018/02/13","33.4400","57038110.0000","30.6700","33.6500","30.6400"
"2018/02/12","30.9500","36946940.0000","31.4400","31.9000","30.8631"
"2018/02/09","31.5100","67076270.0000","30.3700","31.8050","29.6800"
"2018/02/08","30.1800","162088200.0000","34.1500","35.0000","29.7100"
"2018/02/07","26.9100","48714940.0000","25.8300","27.0800","25.7600"
"2018/02/06","25.2400","26563810.0000","24.5900","25.5800","24.2000"
"2018/02/05","25.1300","33850310.0000","25.3700","26.6400","24.1000"
"2018/02/02","25.9200","32459880.0000","26.5600","27.0301","25.7000"
"2018/02/01","27.1400","47493080.0000","25.5200","27.3300","25.4400"
"2018/01/31","25.8100","40279380.0000","25.6100","26.6500","25.1400"
"2018/01/30","25.6200","52348440.0000","24.8300","26.4000","24.5500"
"2018/01/29","25.1800","52278250.0000","24.4000","25.5500","24.1000"
"2018/01/26","24.2700","49493210.0000","22.3900","24.3500","22.3000"
"2018/01/25","22.1600","15487810.0000","22.5000","22.6800","22.0400"
"2018/01/24","22.3700","23169560.0000","22.8400","23.0500","22.1000"
"2018/01/23","22.7500","35239990.0000","22.5100","23.1691","22.4100"
"2018/01/22","23.3200","22946520.0000","23.1700","23.5000","22.8600"
"2018/01/19","23.6600","17005350.0000","24.1200","24.2200","23.5000"
"2018/01/18","24.0400","21102380.0000","24.5000","24.5200","23.7200"
"2018/01/17","24.5600","17012530.0000","24.8400","24.9500","24.2200"
"2018/01/16","24.6600","32302790.0000","25.5800","25.7089","24.5100"
"2018/01/12","25.4100","37017960.0000","24.9400","25.8500","24.9300"
"2018/01/11","24.3500","11640110.0000","24.3000","24.3700","23.9000"
"2018/01/10","24.2500","10412600.0000","24.0000","24.4200","23.7600"
"2018/01/09","24.1700","12569220.0000","24.6300","24.7100","24.0700"
"2018/01/08","24.5900","17816890.0000","24.3700","24.7800","23.8800"
"2018/01/05","24.3200","14940300.0000","24.0700","24.5700","23.8800"
"2018/01/04","23.9900","17638700.0000","24.5000","24.5900","23.6850"
"2018/01/03","24.4500","12812200.0000","24.5600","24.6800","24.0700"
"2018/01/02","24.5100","15292650.0000","24.0700","24.5700","23.8500"
"2017/12/29","24.0100","10381720.0000","24.2700","24.3300","23.9100"
"2017/12/28","24.3100","9763648.0000","24.2500","24.6000","24.1700"
"2017/12/27","24.2300","9099373.0000","24.2600","24.5400","24.0700"
"2017/12/26","24.2600","10111480.0000","24.2600","24.5700","24.1300"
"2017/12/22","24.4600","16091370.0000","25.0300","25.2700","24.3800"
"2017/12/21","25.0500","19349660.0000","25.0600","25.5600","24.7000"
"2017/12/20","25.2000","20656850.0000","25.4400","25.4400","24.6900"
"2017/12/19","25.0800","46020830.0000","24.6100","25.4900","23.9200"
"2017/12/18","24.6800","48809010.0000","23.2300","24.7400","23.1300"
"2017/12/15","22.2300","17905240.0000","22.6100","22.8600","22.1850"
"2017/12/14","22.5800","34009160.0000","21.7900","23.2400","21.6200"
"2017/12/13","21.6600","17005320.0000","21.7700","21.9800","21.5200"
"2017/12/12","21.6500","14284530.0000","22.0100","22.2500","21.6250"
"2017/12/11","22.0500","17229250.0000","21.1000","22.2000","21.1000"
"2017/12/08","21.1000","14866470.0000","21.1500","21.4000","20.9500"
"2017/12/07","21.0100","11847920.0000","21.1200","21.4500","20.9700"
"2017/12/06","21.0900","14012660.0000","20.5200","21.4000","20.4000"
"2017/12/05","20.7700","10638080.0000","20.3000","20.9300","20.3000"
"2017/12/04","20.4000","11631700.0000","20.8500","20.9400","20.2250"
"2017/12/01","20.7100","15241280.0000","20.5200","20.9800","20.1200"
"2017/11/30","20.5800","14662000.0000","21.0100","21.1200","20.5100"
"2017/11/29","20.7900","23624220.0000","21.8200","22.1100","20.5200"
"2017/11/28","21.8300","13839160.0000","21.8500","22.1500","21.5600"
"2017/11/27","21.8200","19659620.0000","22.3600","22.4000","21.7000"
"2017/11/24","22.4200","7584013.0000","22.4000","22.4800","22.1700"
"2017/11/22","22.2700","21151540.0000","21.9000","22.4000","21.8000"
"2017/11/21","21.8800","18293430.0000","21.2000","21.9100","21.1500"
"2017/11/20","21.1300","16793770.0000","20.7800","21.2600","20.7000"
"2017/11/17","20.7600","12823630.0000","20.2600","20.7900","20.2500"
"2017/11/16","20.3600","12960070.0000","20.0600","20.4900","19.9850"
"2017/11/15","19.9100","11187180.0000","19.8200","20.3300","19.7300"
"2017/11/14","20.0500","11915240.0000","20.1700","20.4450","19.8800"
"2017/11/13","20.1700","11803440.0000","20.1600","20.3050","19.9300"
"2017/11/10","20.3200","16284530.0000","19.7900","20.5800","19.7400"
"2017/11/09","19.9000","20253330.0000","19.4000","20.2400","19.3600"
"2017/11/08","19.5900","16282040.0000","19.7000","19.9800","19.3700"
"2017/11/07","19.6600","22199750.0000","19.5500","20.1800","19.5100"
"2017/11/06","19.3900","25503740.0000","19.7800","19.8500","19.2600"
"2017/11/03","19.9000","22246890.0000","19.8700","20.2400","19.5200"
"2017/11/02","19.7100","24444630.0000","20.5000","20.6300","19.6400"
"2017/11/01","20.6100","18813390.0000","20.7400","20.9900","20.4000"
"2017/10/31","20.6200","28033140.0000","21.2600","21.5600","20.4600"
"2017/10/30","21.2500","34005930.0000","21.4000","21.7750","21.0600"
"2017/10/27","21.6800","63567700.0000","20.1800","21.9600","20.1500"
"2017/10/26","20.3100","112182900.0000","19.2200","20.6300","18.9000"
"2017/10/25","17.1400","19728370.0000","17.2000","17.4100","17.0300"
"2017/10/24","17.2500","12512540.0000","17.5000","17.6000","17.2300"
"2017/10/23","17.3700","13990780.0000","17.9400","17.9550","17.3400"
"2017/10/20","17.8700","7255646.0000","17.9800","18.0600","17.8300"
"2017/10/19","17.8900","9278923.0000","17.8400","17.9500","17.6500"
"2017/10/18","18.0200","7756431.0000","18.2300","18.3500","17.9700"
"2017/10/17","18.2800","8932315.0000","18.3100","18.4650","18.1100"
"2017/10/16","18.3300","12999190.0000","18.5900","18.6100","18.2300"
"2017/10/13","18.6300","15799540.0000","18.4500","18.7900","18.3500"
"2017/10/12","18.4500","30675930.0000","17.7700","18.6600","17.7300"
"2017/10/11","17.7300","9978057.0000","17.4700","17.7800","17.4300"
"2017/10/10","17.4100","10175440.0000","17.7700","17.9300","17.3900"
"2017/10/09","17.6700","8812168.0000","17.8200","18.0500","17.6500"
"2017/10/06","17.8500","16413590.0000","18.0300","18.1300","17.6600"
"2017/10/05","18.2500","21238240.0000","17.8000","18.2900","17.7400"
"2017/10/04","17.7500","17342140.0000","17.8200","17.8200","17.5000"
"2017/10/03","17.5900","12864200.0000","17.1300","17.6300","17.1200"
"2017/10/02","17.0900","8458920.0000","16.8000","17.1500","16.7800"
"2017/09/29","16.8700","9355869.0000","16.8900","17.0400","16.7500"
"2017/09/28","16.8500","7026524.0000","16.8700","16.9300","16.7500"
"2017/09/27","16.9500","9065760.0000","16.9000","17.0500","16.7550"
"2017/09/26","16.5900","12881380.0000","17.0300","17.1600","16.5700"
"2017/09/25","16.9800","13231860.0000","17.6000","17.7200","16.8200"
"2017/09/22","17.6100","5546971.0000","17.4900","17.6275","17.4200"
"2017/09/21","17.5800","6951425.0000","17.6000","17.6500","17.3500"
"2017/09/20","17.6200","7719507.0000","17.8000","17.8400","17.5100"
"2017/09/19","17.7600","7063501.0000","17.6600","17.8000","17.4800"
"2017/09/18","17.6000","14701160.0000","18.0100","18.0900","17.4700"
"2017/09/15","18.0100","12623880.0000","18.2500","18.3950","17.9500"
"2017/09/14","18.2100","9292295.0000","18.1500","18.2700","17.9400"
"2017/09/13","18.2000","13677560.0000","18.1500","18.4900","18.0900"
"2017/09/12","18.1700","19781630.0000","17.7000","18.2900","17.7000"
"2017/09/11","17.6600","13947370.0000","17.4700","17.7800","17.2700"
"2017/09/08","17.4500","11593580.0000","17.1900","17.4600","17.0800"
"2017/09/07","17.2200","14656390.0000","16.8500","17.4100","16.8301"
"2017/09/06","16.8300","12331140.0000","16.6500","17.0500","16.5162"
"2017/09/05","16.6500","10465840.0000","16.8200","16.9000","16.4400"
"2017/09/01","16.8600","8482442.0000","16.9700","17.0000","16.5800"
"2017/08/31","16.9100","7840275.0000","16.9900","17.1000","16.8800"
"2017/08/30","16.9300","6621762.0000","16.9200","17.0400","16.8000"
"2017/08/29","16.9300","11409160.0000","16.6100","17.0550","16.6000"
"2017/08/28","16.7700","7750164.0000","16.6100","16.8800","16.6100"
"2017/08/25","16.6500","11488460.0000","16.6500","16.8200","16.5100"
"2017/08/24","16.8900","10335860.0000","17.0700","17.0700","16.7800"
"2017/08/23","16.9600","15148430.0000","16.4600","17.0500","16.4400"
"2017/08/22","16.6300","11043620.0000","16.1400","16.6500","16.1400"
"2017/08/21","16.1100","12064920.0000","16.0000","16.2534","15.9301"
"2017/08/18","15.9900","7804163.0000","15.8500","16.0700","15.7700"
"2017/08/17","15.8700","9155222.0000","16.1500","16.2900","15.8600"
"2017/08/16","16.1600","15919500.0000","15.9700","16.3600","15.9600"
"2017/08/15","15.9500","5937985.0000","16.1200","16.2200","15.9300"
"2017/08/14","16.0900","9880843.0000","16.1500","16.2800","16.0100"
"2017/08/11","15.9200","8404839.0000","15.6700","16.0600","15.6700"
"2017/08/10","15.7500","11801850.0000","16.0300","16.1800","15.7300"
"2017/08/09","16.1400","7751119.0000","16.0400","16.1600","15.9600"
"2017/08/08","16.1500","12112450.0000","16.3300","16.4800","16.0500"
"2017/08/07","16.4000","9106930.0000","16.3800","16.4200","16.2400"
"2017/08/04","16.2900","15033320.0000","16.2000","16.4300","16.1299"
"2017/08/03","16.1800","15090890.0000","16.0700","16.4200","16.0500"
"2017/08/02","16.0700","13262760.0000","16.2100","16.2900","15.9450"
"2017/08/01","16.2100","21612280.0000","16.2000","16.3200","15.9100"
"2017/07/31","16.0900","35900030.0000","16.6000","16.6200","16.0000"
"2017/07/28","16.7500","26199610.0000","16.6600","17.2000","16.5200"
"2017/07/27","16.8400","86496560.0000","17.3600","17.6000","16.5000"
"2017/07/26","19.6100","24150520.0000","20.0000","20.0200","19.2700"
"2017/07/25","19.9700","13564320.0000","19.9800","20.1850","19.6900"
"2017/07/24","20.0000","17173430.0000","20.2800","20.6200","19.8200"
"2017/07/21","20.1100","15277240.0000","20.3500","20.3600","20.0000"
"2017/07/20","20.5300","24505900.0000","20.1800","20.8800","20.1800"
"2017/07/19","20.1200","13461290.0000","20.0300","20.2100","19.8300"
"2017/07/18","19.9800","15517440.0000","19.7600","19.9900","19.4100"
"2017/07/17","19.9400","24130510.0000","19.8000","20.2362","19.7300"
"2017/07/14","19.6400","20820920.0000","19.3500","19.9700","19.3300"
"2017/07/13","19.3200","17504130.0000","19.5400","19.6700","19.0800"
"2017/07/12","19.2500","29980370.0000","18.9200","19.5400","18.9100"
"2017/07/11","18.6400","18087710.0000","18.1400","18.6600","18.1000"
"2017/07/10","18.0800","8582204.0000","18.0500","18.1500","17.7750"
"2017/07/07","18.0200","13422120.0000","18.0000","18.3350","17.9700"
"2017/07/06","17.9200","18602500.0000","17.6500","18.5800","17.6300"
"2017/07/05","17.8200","8809971.0000","17.6800","17.9569","17.4200"
"2017/07/03","17.6500","9040399.0000","17.9400","18.0073","17.4100"
"2017/06/30","17.8700","13405460.0000","17.6600","18.0750","17.4700"
"2017/06/29","17.6500","18786810.0000","17.9300","17.9360","17.2300"
"2017/06/28","17.9500","17366400.0000","18.2200","18.2350","17.7500"
"2017/06/27","18.1200","14732280.0000","18.4300","18.6000","18.1200"
"2017/06/26","18.2900","17403910.0000","18.5500","19.0100","18.1100"
"2017/06/23","18.5000","24787630.0000","18.1500","18.6300","18.1500"
"2017/06/22","18.1500","20696690.0000","17.8500","18.3800","17.6600"
"2017/06/21","17.7800","23621980.0000","17.1100","18.0400","17.1100"
"2017/06/20","16.9100","8506965.0000","17.1500","17.1500","16.8400"
"2017/06/19","17.0600","11303960.0000","16.7700","17.0800","16.7500"
"2017/06/16","16.6700","9926394.0000","16.7500","16.8100","16.5500"
"2017/06/15","16.8300","11878840.0000","16.5300","16.8900","16.4600"
"2017/06/14","16.7600","12639650.0000","17.0500","17.1300","16.5700"
"2017/06/13","16.9700","13220590.0000","17.1200","17.2200","16.7600"
"2017/06/12","17.0400","20490460.0000","16.7300","17.1867","16.2700"
"2017/06/09","16.9000","21264210.0000","17.6500","17.6600","16.4500"
"2017/06/08","17.5900","10534750.0000","17.4400","17.6100","17.2700"
"2017/06/07","17.4400","15841660.0000","17.6200","17.7450","17.3000"
"2017/06/06","17.5700","22768020.0000","18.1000","18.1500","17.4700"
"2017/06/05","18.2300","10553220.0000","18.2900","18.3400","18.0200"
"2017/06/02","18.3100","9369977.0000","18.5300","18.5800","18.2200"
"2017/06/01","18.5300","13166630.0000","18.2200","18.6600","18.2000"
"2017/05/31","18.3200","17408760.0000","18.4800","18.6000","18.0800"
"2017/05/30","18.4300","18187250.0000","18.2100","18.7200","18.1800"
"2017/05/26","18.2300","10448930.0000","17.9900","18.3000","17.9500"
"2017/05/25","17.9500","9550892.0000","18.0400","18.2700","17.9400"
"2017/05/24","17.9800","15504270.0000","18.1000","18.3400","17.8300"
"2017/05/23","18.1500","16821490.0000","18.4100","18.5133","17.9800"
"2017/05/22","18.4300","11347500.0000","18.3500","18.5200","18.2700"
"2017/05/19","18.3500","16144480.0000","18.6800","18.9000","18.2700"
"2017/05/18","18.5100","19874640.0000","18.1700","18.6100","17.9700"
"2017/05/17","18.2800","30060120.0000","18.9880","19.2500","18.2200"
"2017/05/16","19.4900","35619780.0000","19.3800","19.7850","19.0900"
"2017/05/15","19.2300","22593160.0000","18.6900","19.3184","18.6300"
"2017/05/12","18.6100","21998000.0000","18.4500","19.0500","18.3400"
"2017/05/11","18.3900","12439400.0000","18.6300","18.7450","18.3100"
"2017/05/10","18.5400","9966286.0000","18.3700","18.5600","18.2500"
"2017/05/09","18.3700","12488190.0000","18.3100","18.4900","18.1950"
"2017/05/08","18.3100","18935740.0000","18.6800","18.6800","18.1600"
"2017/05/05","18.6900","15037810.0000","18.4500","18.7250","18.3700"
"2017/05/04","18.4800","24596260.0000","18.6000","18.8900","18.3600"
"2017/05/03","18.5700","29730120.0000","18.3700","18.5950","18.1500"
"2017/05/02","18.2400","64099470.0000","17.5700","18.5300","17.3500"
"2017/05/01","17.5400","47382950.0000","17.1400","17.6500","16.9700"
"2017/04/28","16.4800","26464050.0000","16.5000","16.7900","16.4300"
"2017/04/27","16.6100","41094400.0000","15.8000","16.6300","15.8000"
"2017/04/26","15.8200","79244990.0000","15.9000","16.4800","15.7600"
"2017/04/25","14.6600","20422790.0000","14.7100","14.9600","14.6300"
"2017/04/24","14.7100","12752740.0000","14.7000","14.8200","14.5600"
"2017/04/21","14.6300","13785910.0000","14.6500","14.7500","14.4100"
"2017/04/20","14.6500","9545010.0000","14.5800","14.7500","14.5100"
"2017/04/19","14.5400","14258650.0000","14.4400","14.7900","14.4400"
"2017/04/18","14.4400","9691113.0000","14.3700","14.5600","14.2700"
"2017/04/17","14.4000","10363720.0000","14.3000","14.5500","14.1200"
"2017/04/13","14.3000","10525680.0000","14.4900","14.5000","14.2200"
"2017/04/12","14.4200","12906270.0000","14.3400","14.7800","14.2600"
"2017/04/11","14.3100","7590104.0000","14.3000","14.4000","14.2000"
"2017/04/10","14.3600","9983786.0000","14.3000","14.4600","14.2000"
"2017/04/07","14.2900","8246373.0000","14.3600","14.4300","14.2500"
"2017/04/06","14.3900","18054960.0000","14.5300","14.6200","14.3000"
"2017/04/05","14.5300","13720070.0000","14.6100","14.8150","14.4100"
"2017/04/04","14.6900","8920975.0000","14.7500","14.7600","14.5800"
"2017/04/03","14.8400","11588170.0000","14.9700","14.9800","14.6500"
"2017/03/31","14.9500","8377938.0000","14.9300","15.0600","14.9100"
"2017/03/30","14.9200","8405873.0000","15.0500","15.0800","14.9000"
"2017/03/29","15.0400","11065330.0000","14.8600","15.0600","14.7000"
"2017/03/28","14.9400","14817670.0000","15.0000","15.1700","14.8000"
"2017/03/27","14.9900","10442020.0000","15.0200","15.0550","14.7500"
"2017/03/24","15.1400","15535650.0000","15.0600","15.3700","15.0300"
"2017/03/23","14.9300","11588010.0000","14.9900","15.0500","14.7300"
"2017/03/22","14.9800","21040530.0000","14.5000","14.9900","14.3200"
"2017/03/21","14.5400","19068780.0000","15.0800","15.1000","14.5000"
"2017/03/20","15.0900","12490220.0000","15.1100","15.1100","14.8200"
"2017/03/17","15.0800","10985400.0000","15.2000","15.2300","15.0300"
"2017/03/16","15.1900","11654250.0000","15.0800","15.2800","15.0400"
"2017/03/15","15.0300","19343520.0000","15.2500","15.3000","14.8500"
"2017/03/14","15.3200","15034220.0000","15.2000","15.5800","15.1500"
"2017/03/13","15.2100","8716672.0000","15.1000","15.2700","15.1000"
"2017/03/10","15.1200","13690220.0000","15.2300","15.2700","14.9400"
"2017/03/09","15.2200","10952700.0000","15.2400","15.3850","15.0300"
"2017/03/08","15.2400","12640490.0000","15.1900","15.3600","15.0800"
"2017/03/07","15.1800","16672230.0000","15.5200","15.7300","15.1600"
"2017/03/06","15.5600","11444560.0000","15.7500","15.7800","15.5000"
"2017/03/03","15.7500","15179880.0000","15.8400","16.1000","15.6800"
"2017/03/02","15.7900","12396110.0000","15.7700","16.0000","15.7200"
"2017/03/01","15.7900","18150850.0000","15.9000","15.9000","15.5850"
"2017/02/28","15.7700","10834170.0000","16.0000","16.0400","15.7400"
"2017/02/27","16.0600","13634500.0000","15.9300","16.1300","15.7200"
"2017/02/24","15.9800","9131252.0000","15.9500","15.9850","15.8500"
"2017/02/23","16.0300","15282340.0000","16.1200","16.2700","15.9000"
"2017/02/22","16.0800","13571130.0000","16.4000","16.5101","16.0100"
"2017/02/21","16.4200","15994330.0000","16.6400","16.6900","16.3000"
"2017/02/17","16.6200","14369850.0000","16.3600","16.6250","16.3600"
"2017/02/16","16.3500","21581000.0000","16.6900","16.7900","16.3200"
"2017/02/15","16.7400","35157520.0000","16.8500","16.8900","16.3000"
"2017/02/14","16.5200","34753570.0000","15.9200","16.6000","15.8500"
"2017/02/13","15.8100","29081240.0000","15.6300","15.9900","15.5100"
"2017/02/10","15.5800","72991600.0000","15.9600","16.0000","15.5000"
"2017/02/09","16.4100","109153300.0000","17.0500","17.1200","16.2600"
"2017/02/08","18.7200","37262650.0000","18.7700","18.7700","18.0450"
"2017/02/07","18.2600","26750930.0000","18.0000","18.6700","17.9900"
"2017/02/06","17.9300","13188700.0000","17.7000","17.9700","17.4100"
"2017/02/03","17.6100","14376110.0000","17.7200","17.8500","17.4400"
"2017/02/02","17.7800","19353850.0000","17.3300","17.8600","17.1200"
"2017/02/01","17.2400","21112590.0000","17.8400","17.9200","17.1000"
"2017/01/31","17.6200","25842410.0000","16.9500","17.7400","16.9100"
"2017/01/30","16.9400","18255680.0000","16.5700","17.1000","16.4100"
"2017/01/27","16.5700","11846530.0000","16.9100","16.9700","16.5300"
"2017/01/26","16.8100","10075220.0000","16.8600","17.0700","16.7900"
"2017/01/25","16.7300","10942900.0000","16.7000","16.7900","16.5900"
"2017/01/24","16.5200","12722060.0000","16.6100","16.6579","16.3300"
"2017/01/23","16.6100","11780550.0000","16.5700","16.8100","16.4600"
"2017/01/20","16.5800","14811540.0000","16.8200","16.9000","16.4600"
"2017/01/19","16.7900","12706130.0000","17.0900","17.1500","16.7500"
"2017/01/18","17.1100","12700840.0000","17.0100","17.1400","16.8300"
"2017/01/17","16.9600","13122280.0000","17.0700","17.0900","16.8600"
"2017/01/13","17.2500","11352890.0000","17.3800","17.6600","17.2300"
"2017/01/12","17.3800","12372700.0000","17.1300","17.3900","16.9600"
"2017/01/11","17.3000","10961010.0000","17.4600","17.6000","17.1700"
"2017/01/10","17.3700","10458690.0000","17.5100","17.7800","17.3200"
"2017/01/09","17.5000","11907790.0000","17.2200","17.5550","17.1900"
"2017/01/06","17.1700","14651850.0000","17.2400","17.4300","17.1100"
"2017/01/05","17.0900","17055740.0000","16.9100","17.2700","16.8000"
"2017/01/04","16.8600","15852890.0000","16.5000","16.9400","16.5000"
"2017/01/03","16.4400","11133650.0000","16.3100","16.4500","16.2100"
"2016/12/30","16.3000","13998670.0000","16.3100","16.5701","16.2200"
"2016/12/29","16.3900","14675510.0000","16.3900","16.6500","16.3000"
"2016/12/28","16.3900","13488480.0000","16.6300","16.7332","16.2914"
"2016/12/27","16.6100","13014550.0000","16.5200","16.8700","16.4200"
"2016/12/23","16.5000","18032850.0000","16.3400","16.6734","16.1600"
"2016/12/22","16.4100","27925100.0000","16.8200","16.8900","16.2700"
"2016/12/21","17.0800","34378450.0000","17.5200","17.5500","17.0100"
"2016/12/20","17.9200","16778990.0000","18.2300","18.3218","17.8700"
"2016/12/19","18.2400","12232330.0000","18.6000","18.7000","18.2200"
"2016/12/16","18.6300","14198830.0000","18.7600","18.8900","18.5300"
"2016/12/15","18.7900","11932830.0000","18.9400","19.1500","18.7100"
"2016/12/14","18.9300","13415420.0000","19.4000","19.6200","18.8900"
"2016/12/13","19.3700","15092590.0000","18.9700","19.5900","18.9400"
"2016/12/12","18.9300","15573240.0000","19.4800","19.7000","18.9000"
"2016/12/09","19.6500","15945930.0000","19.5600","19.8400","19.3832"
"2016/12/08","19.6400","19678430.0000","19.5000","19.7100","19.0800"
"2016/12/07","19.4800","32109060.0000","18.2600","19.5500","18.2000"
"2016/12/06","18.2300","14020230.0000","18.3100","18.5000","18.1307"
"2016/12/05","18.2300","12112400.0000","17.9600","18.3600","17.8700"
"2016/12/02","17.9300","12178380.0000","18.0000","18.1600","17.8600"
"2016/12/01","18.0300","19585590.0000","18.8200","18.8300","17.7350"
"2016/11/30","18.4900","20563130.0000","18.2000","18.8000","18.1800"
"2016/11/29","18.1900","13528340.0000","18.2200","18.6801","18.1300"
"2016/11/28","18.3000","19238400.0000","18.0000","18.3000","17.8500"
"2016/11/25","18.0600","7862681.0000","18.2700","18.3100","18.0300"
"2016/11/23","18.2200","16975080.0000","18.4500","18.5900","18.0800"
"2016/11/22","18.6300","10685140.0000","18.6600","18.8700","18.5100"
"2016/11/21","18.6000","13048550.0000","18.7200","18.9100","18.5900"
"2016/11/18","18.7300","12488060.0000","18.7300","18.9100","18.6400"
"2016/11/17","18.5500","16233820.0000","18.7000","18.9601","18.5300"
"2016/11/16","18.6300","14980890.0000","18.9800","19.1510","18.5900"
"2016/11/15","18.9800","19510530.0000","19.1500","19.5100","18.9100"
"2016/11/14","19.1400","23079110.0000","18.7500","19.2000","18.5000"
"2016/11/11","18.5500","15344410.0000","18.3500","18.7290","18.0700"
"2016/11/10","18.3700","31048940.0000","19.0400","19.3000","18.0300"
"2016/11/09","19.1300","33941230.0000","17.9600","19.2350","17.9100"
"2016/11/08","18.3800","19943260.0000","18.2200","18.5600","17.7700"
"2016/11/07","18.4100","25981070.0000","18.1100","18.6900","18.1100"
"2016/11/04","18.0200","30970110.0000","17.5200","18.3400","17.5000"
"2016/11/03","17.5800","17031510.0000","17.5500","17.8599","17.2600"
"2016/11/02","17.6100","20841150.0000","17.4300","17.9500","17.3800"
"2016/11/01","17.4900","22601440.0000","17.8400","18.0000","17.2610"
"2016/10/31","17.9500","19506610.0000","17.6500","18.0400","17.6400"
"2016/10/28","17.6600","29314890.0000","17.7000","18.0000","17.5000"
"2016/10/27","17.4000","63633740.0000","18.0000","18.1200","17.0700"
"2016/10/26","17.2900","35062280.0000","17.5800","17.6600","17.1700"
"2016/10/25","17.2600","30662410.0000","17.8200","17.8400","17.1500"
"2016/10/24","18.0300","41720100.0000","17.6000","18.3700","17.4900"
"2016/10/21","18.0900","58349470.0000","16.9500","18.3500","16.7400"
"2016/10/20","16.9000","15079340.0000","17.0400","17.0700","16.8200"
"2016/10/19","17.0700","17362650.0000","16.9400","17.2600","16.8800"
"2016/10/18","16.8300","18419970.0000","16.8600","17.1300","16.7900"
"2016/10/17","16.7300","25758280.0000","16.7600","16.9793","16.4300"
"2016/10/14","16.8800","73566060.0000","17.8800","18.0500","16.2800"
"2016/10/13","17.7900","18628990.0000","17.8600","17.9900","17.6700"
"2016/10/12","18.0500","23493720.0000","18.1900","18.1900","17.8100"
"2016/10/11","18.0000","49043590.0000","18.1800","18.2000","17.6500"
"2016/10/10","17.5600","105649300.0000","17.4900","18.2400","16.9300"
"2016/10/07","19.8500","38626230.0000","19.9500","20.5300","19.6450"
"2016/10/06","19.8700","109130200.0000","20.4600","21.0000","19.6000"
"2016/10/05","24.8700","61746090.0000","24.3200","25.2500","24.1300"
"2016/10/04","23.5200","21518540.0000","23.7500","23.7900","23.3400"
"2016/10/03","24.0000","37479890.0000","23.7800","24.2500","23.4550"
"2016/09/30","23.0500","16853040.0000","23.0200","23.2500","22.8200"
"2016/09/29","23.0100","26394350.0000","22.9200","23.3600","22.8600"
"2016/09/28","22.9600","44398000.0000","23.4200","23.6300","22.4400"
"2016/09/27","23.7200","65365590.0000","23.2100","23.9800","22.9000"
"2016/09/26","23.3700","95248720.0000","21.7900","23.5700","21.6500"
"2016/09/23","22.6200","191954800.0000","21.5000","22.8900","21.1100"
"2016/09/22","18.6300","15795400.0000","18.5200","18.9200","18.4400"
"2016/09/21","18.4900","16182930.0000","18.4400","18.5000","18.1300"
"2016/09/20","18.3900","15739680.0000","18.3000","18.6400","18.2300"
"2016/09/19","18.3600","23235470.0000","19.2200","19.2400","18.2800"
"2016/09/16","19.1100","40212130.0000","18.9000","19.2500","18.7400"
"2016/09/15","18.3000","14479610.0000","18.3000","18.4200","18.0600"
"2016/09/14","18.0800","16088860.0000","17.9300","18.3900","17.9000"
"2016/09/13","17.7600","15874310.0000","17.9900","18.1000","17.5200"
"2016/09/12","18.1500","18277860.0000","17.9600","18.2400","17.6800"
"2016/09/09","18.1100","30834200.0000","18.4000","18.8200","17.9200"
"2016/09/08","18.7000","45050320.0000","18.8100","19.3100","18.5900"
"2016/09/07","19.8700","26361940.0000","20.0500","20.6500","19.7950"
"2016/09/06","19.9300","24139030.0000","19.7400","20.1400","19.4775"
"2016/09/02","19.5500","19858750.0000","19.6200","19.8700","19.3500"
"2016/09/01","19.5000","39739520.0000","19.3700","20.1400","19.2700"
"2016/08/31","19.2100","34179120.0000","18.3900","19.6000","18.3800"
"2016/08/30","18.3800","8893343.0000","18.5900","18.6900","18.3200"
"2016/08/29","18.4700","11406520.0000","18.3900","18.5500","18.3000"
"2016/08/26","18.3000","11213250.0000","18.4000","18.5300","18.1000"
"2016/08/25","18.3200","13255510.0000","18.3300","18.6500","18.2300"
"2016/08/24","18.2500","16752680.0000","18.8000","18.9700","18.2000"
"2016/08/23","18.6900","14073480.0000","18.6500","18.9300","18.6500"
"2016/08/22","18.5500","17488010.0000","18.9500","18.9600","18.5200"
"2016/08/19","18.9800","16995780.0000","18.9600","19.3100","18.7600"
"2016/08/18","19.0000","47512680.0000","19.5600","19.6000","18.9200"
"2016/08/17","20.1700","22754650.0000","20.4300","20.4400","19.9000"
"2016/08/16","20.4000","23482730.0000","20.7800","20.7900","20.2900"
"2016/08/15","20.8600","58747770.0000","19.8500","21.1000","19.8300"
"2016/08/12","19.5400","28375480.0000","19.7100","19.7100","19.0100"
"2016/08/11","19.7800","30891100.0000","19.1700","19.8300","19.1138"
"2016/08/10","19.0400","28568210.0000","18.6700","19.5700","18.5600"
"2016/08/09","18.6800","19257890.0000","18.1700","18.7900","17.9710"
"2016/08/08","18.2000","15477700.0000","18.2500","18.4800","17.9350"
"2016/08/05","18.2600","22779150.0000","18.1900","18.5800","18.1400"
"2016/08/04","18.1300","33088860.0000","17.5700","18.3100","17.3600"
"2016/08/03","17.6100","55540080.0000","16.3400","17.8800","16.3300"
"2016/08/02","16.4200","16544990.0000","16.6100","16.7000","16.2000"
"2016/08/01","16.6400","26022790.0000","16.6500","16.8500","16.4000"
"2016/07/29","16.6400","25980920.0000","16.3900","16.7400","16.2400"
"2016/07/28","16.3100","31421100.0000","15.8900","16.3400","15.8800"
"2016/07/27","15.7700","83048520.0000","16.3400","16.5900","15.6900"
"2016/07/26","18.4500","42891160.0000","18.5200","18.6500","18.1640"
"2016/07/25","18.6500","21407700.0000","18.4300","18.7000","18.1700"
"2016/07/22","18.3700","19614010.0000","18.1200","18.3893","17.7600"
"2016/07/21","18.3900","13922400.0000","18.5700","18.8000","18.3500"
"2016/07/20","18.5600","15020560.0000","18.5200","18.7600","18.4500"
"2016/07/19","18.3300","27264650.0000","18.5100","18.8950","18.2700"
"2016/07/18","18.6500","29697580.0000","18.2900","18.7500","18.0500"
"2016/07/15","18.0800","17361120.0000","17.9800","18.1800","17.8100"
"2016/07/14","17.9600","19546700.0000","18.0200","18.2800","17.9110"
"2016/07/13","17.7400","17913130.0000","18.2100","18.3200","17.5000"
"2016/07/12","18.1000","23773880.0000","17.9800","18.3800","17.9200"
"2016/07/11","17.7100","24027270.0000","17.5900","17.8800","17.5200"
"2016/07/08","18.0800","24845960.0000","17.5300","18.1649","17.4700"
"2016/07/07","17.3700","13438130.0000","17.2400","17.6750","17.2400"
"2016/07/06","17.2000","15656560.0000","17.0200","17.3400","16.8100"
"2016/07/05","17.1400","15699640.0000","17.2500","17.2800","16.7600"
"2016/07/01","17.2800","20712950.0000","16.9300","17.5000","16.9000"
"2016/06/30","16.9100","14096440.0000","16.8000","17.0000","16.7300"
"2016/06/29","16.8300","18206930.0000","16.6000","17.0100","16.4300"
"2016/06/28","16.4200","18660550.0000","16.2400","16.6400","16.1600"
"2016/06/27","15.8400","23505610.0000","16.2900","16.4000","15.4600"
"2016/06/24","16.4400","31502120.0000","16.2400","16.9000","16.2000"
"2016/06/23","17.0400","25181790.0000","16.3000","17.0700","16.2800"
"2016/06/22","16.1300","13719890.0000","16.2700","16.3200","16.0450"
"2016/06/21","16.3200","14997090.0000","16.4800","16.5600","16.1700"
"2016/06/20","16.3400","22836110.0000","16.3400","16.6400","16.1500"
"2016/06/17","16.1000","32207520.0000","16.1600","16.3689","15.9600"
"2016/06/16","15.8700","23597620.0000","15.9000","15.9500","15.4000"
"2016/06/15","15.9600","53448310.0000","15.7100","16.4400","15.7100"
"2016/06/14","15.3600","37268890.0000","14.8200","15.4200","14.8000"
"2016/06/13","14.5500","43037420.0000","14.6300","15.3000","14.5050"
"2016/06/10","14.0200","22059030.0000","14.4500","14.4500","14.0000"
"2016/06/09","14.6000","12350370.0000","14.8400","14.8595","14.5900"
"2016/06/08","14.9500","12955030.0000","15.0700","15.1200","14.8100"
"2016/06/07","15.0000","16483300.0000","15.3600","15.3700","14.9100"
"2016/06/06","15.2700","13753110.0000","15.2200","15.4500","15.1800"
"2016/06/03","15.2000","15484980.0000","15.1100","15.3489","14.9600"
"2016/06/02","15.2000","13177800.0000","15.0400","15.2600","14.8463"
"2016/06/01","15.0200","18238410.0000","15.1000","15.1700","14.6200"
"2016/05/31","15.2200","24287050.0000","15.1200","15.4900","15.0800"
"2016/05/27","15.1000","28335660.0000","14.2500","15.1000","14.2300"
"2016/05/26","14.3000","21101450.0000","14.4500","14.4800","14.1900"
"2016/05/25","14.4100","23175910.0000","14.0700","14.5700","14.0600"
"2016/05/24","14.0300","36203740.0000","14.2200","14.2200","13.7250"
"2016/05/23","14.4100","12896350.0000","14.4000","14.6000","14.3301"
"2016/05/20","14.4300","18485110.0000","14.2000","14.5100","14.1600"
"2016/05/19","14.1500","15876420.0000","14.1500","14.3050","14.0400"
"2016/05/18","14.1400","14256190.0000","14.3500","14.5700","14.0500"
"2016/05/17","14.3400","15571680.0000","14.2100","14.5900","14.1300"
"2016/05/16","14.2900","11561080.0000","14.0900","14.3700","14.0600"
"2016/05/13","14.1000","12696550.0000","14.0600","14.2800","14.0000"
"2016/05/12","14.0800","19828540.0000","14.6300","14.6800","14.0000"
"2016/05/11","14.5900","13777470.0000","14.6100","14.8600","14.4400"
"2016/05/10","14.6300","14578370.0000","14.1700","14.6900","14.1600"
"2016/05/09","14.2000","11448980.0000","14.2800","14.4700","14.1500"
"2016/05/06","14.4000","21194050.0000","14.1200","14.4000","13.9800"
"2016/05/05","14.1200","29058570.0000","14.9300","14.9800","14.0800"
"2016/05/04","14.8400","41644060.0000","13.9500","14.8780","13.9200"
"2016/05/03","14.0100","26012500.0000","14.2200","14.2500","13.9000"
"2016/05/02","14.4000","26115620.0000","14.7300","14.7700","14.1700"
"2016/04/29","14.6200","26859020.0000","14.7000","14.9300","14.3200"
"2016/04/28","14.6400","34738090.0000","14.8500","15.0900","14.6200"
"2016/04/27","14.8600","84705730.0000","15.1500","15.2800","14.8100"
"2016/04/26","17.7500","43206570.0000","17.2100","17.9800","17.0800"
"2016/04/25","17.0900","18962430.0000","17.2000","17.7500","16.8800"
"2016/04/22","17.2300","14848420.0000","17.3300","17.5100","17.0200"
"2016/04/21","17.5100","13584400.0000","17.4800","17.7700","17.4200"
"2016/04/20","17.4000","17737080.0000","16.9400","17.5200","16.9000"
"2016/04/19","16.9200","24776320.0000","17.3700","17.3900","16.6800"
"2016/04/18","17.3100","17271060.0000","17.7100","17.7200","17.0600"
"2016/04/15","17.5800","16344840.0000","17.5200","17.9100","17.3100"
"2016/04/14","17.5300","16206500.0000","17.3800","17.7000","17.1400"
"2016/04/13","17.3700","22629130.0000","16.6800","17.4000","16.6800"
"2016/04/12","16.5700","14924560.0000","16.5000","16.7700","16.1500"
"2016/04/11","16.5100","14175570.0000","16.7400","16.9800","16.4100"
"2016/04/08","16.6500","18671480.0000","17.1200","17.2500","16.4100"
"2016/04/07","16.9800","23293210.0000","16.8800","17.5900","16.8500"
"2016/04/06","17.2600","23107430.0000","17.1200","17.4800","16.9000"
"2016/04/05","17.0500","41582710.0000","17.5900","17.8300","16.8900"
"2016/04/04","17.0900","38173250.0000","16.0000","17.5403","15.9600"
"2016/04/01","15.9800","20973750.0000","16.4100","16.4300","15.8300"
"2016/03/31","16.5500","18871040.0000","16.4000","16.8400","16.2100"
"2016/03/30","16.3600","19356940.0000","16.1600","16.7200","16.0100"
"2016/03/29","15.9700","16967340.0000","15.6900","15.9900","15.3300"
"2016/03/28","15.6000","14119710.0000","15.9800","16.0050","15.4000"
"2016/03/24","15.9100","14870600.0000","15.9400","15.9880","15.5650"
"2016/03/23","16.0100","17952140.0000","16.8600","16.9100","16.0100"
"2016/03/22","16.8600","9556987.0000","16.7500","17.0100","16.7000"
"2016/03/21","16.8900","12550230.0000","16.8300","17.0500","16.6800"
"2016/03/18","16.8500","21150730.0000","17.0800","17.3800","16.7600"
"2016/03/17","16.8500","17041100.0000","16.6500","17.1470","16.6200"
"2016/03/16","16.7000","24746270.0000","16.3300","16.7700","16.1300"
"2016/03/15","16.1900","19641790.0000","17.0000","17.0400","16.1400"
"2016/03/14","17.1200","16514980.0000","16.8100","17.3200","16.7900"
"2016/03/11","16.8100","21481300.0000","16.7700","16.9400","16.4600"
"2016/03/10","16.6100","33165140.0000","17.6900","17.7719","16.3800"
"2016/03/09","17.6600","21536050.0000","18.6100","18.7400","17.5200"
"2016/03/08","18.3300","16378250.0000","19.1000","19.1500","18.3300"
"2016/03/07","19.1700","19720770.0000","19.1100","19.7300","18.7700"
"2016/03/04","19.3600","30083620.0000","19.4500","20.3200","19.0600"
"2016/03/03","19.3100","23226070.0000","18.5300","19.4400","18.4800"
"2016/03/02","18.5400","17193350.0000","17.8500","18.7400","17.7150"
"2016/03/01","17.8500","19313520.0000","18.4700","18.4800","17.5900"
"2016/02/29","18.1200","17380300.0000","17.9600","18.5700","17.7800"
"2016/02/26","17.9400","16335240.0000","17.7200","18.0300","17.4975"
"2016/02/25","17.5900","22349060.0000","17.9300","17.9500","17.3100"
"2016/02/24","18.0000","26664380.0000","18.0000","18.0900","17.1100"
"2016/02/23","18.3000","25747340.0000","18.5600","18.9600","18.1000"
"2016/02/22","18.3000","24985020.0000","18.6200","18.6750","17.7600"
"2016/02/19","18.3100","23990570.0000","18.1600","18.8800","17.7700"
"2016/02/18","18.4300","34519530.0000","18.1000","18.5500","17.5200"
"2016/02/17","17.4600","25659410.0000","16.4700","17.6000","16.4300"
"2016/02/16","16.3600","17264850.0000","16.0900","16.4000","15.6700"
"2016/02/12","15.8800","35602150.0000","14.5400","15.9400","14.5300"
"2016/02/11","14.3100","38568340.0000","14.0700","14.7900","13.9100"
"2016/02/10","14.9800","40222290.0000","14.5500","15.2800","14.5200"
"2016/02/09","14.4000","26768010.0000","14.6200","15.5450","14.3100"
"2016/02/08","14.9000","24917010.0000","15.5100","15.5500","14.7300"
"2016/02/05","15.7200","24036590.0000","16.6100","16.6400","15.6200"
"2016/02/04","16.9100","18231820.0000","16.4000","17.1750","16.2900"
"2016/02/03","16.5600","24284020.0000","16.3300","16.7400","15.5500"
"2016/02/02","16.0800","31754430.0000","17.2200","17.2700","16.0100"
"2016/02/01","17.9100","49938610.0000","17.8900","18.7700","17.3000"
"2016/01/29","16.8000","16869490.0000","16.6400","17.0700","16.5100"
"2016/01/28","16.4900","16805380.0000","17.2100","17.3400","16.4500"
"2016/01/27","16.7800","16719660.0000","17.0100","17.6200","16.7700"
"2016/01/26","17.0100","22090740.0000","17.2200","17.2800","16.4000"
"2016/01/25","17.0200","33623990.0000","16.8000","17.4500","16.5100"
"2016/01/22","17.8400","15558870.0000","18.2900","18.5600","17.7300"
"2016/01/21","17.8300","26328300.0000","17.4400","18.3200","16.8000"
"2016/01/20","17.3800","69053770.0000","16.1600","19.0400","15.4800"
"2016/01/19","16.6900","24179450.0000","18.1800","18.1800","16.4300"
"2016/01/15","17.9400","24305740.0000","18.2300","18.5300","17.6100"
"2016/01/14","19.0000","37097740.0000","18.5500","19.1600","17.2700"
"2016/01/13","18.6800","35820880.0000","19.7000","19.7600","18.4700"
"2016/01/12","19.6200","14574130.0000","19.8700","20.4100","19.3200"
"2016/01/11","19.6500","21302190.0000","20.1200","20.2000","19.2600"
"2016/01/08","19.9800","21786970.0000","20.5100","20.7200","19.6000"
"2016/01/07","20.2600","20707190.0000","21.0000","21.4800","20.1980"
"2016/01/06","21.3900","13962840.0000","21.6200","22.1800","21.1800"
"2016/01/05","21.9200","16912710.0000","22.7900","23.0000","21.8500"
"2016/01/04","22.5600","15299530.0000","22.6400","22.8400","22.1100"
"2015/12/31","23.1400","19466170.0000","22.1700","23.2800","22.1500"
"2015/12/30","22.2300","15285360.0000","22.4500","22.9400","22.2100"
"2015/12/29","22.4700","11188140.0000","22.6300","22.8200","22.3100"
"2015/12/28","22.5300","13715060.0000","22.9000","23.3200","22.5000"
"2015/12/24","22.9700","7910740.0000","22.7000","23.0600","22.5500"
"2015/12/23","22.6700","13137520.0000","22.6800","22.9500","22.3700"
"2015/12/22","22.5600","13683180.0000","22.2600","22.6700","22.0900"
"2015/12/21","22.1400","22873030.0000","23.0200","23.0400","21.9900"
"2015/12/18","22.9900","23010940.0000","23.3500","23.4400","22.6600"
"2015/12/17","23.3100","17813420.0000","24.4700","24.7500","23.2900"
"2015/12/16","24.3000","24051350.0000","23.9600","24.4800","23.8000"
"2015/12/15","23.9500","23069400.0000","24.5200","24.6900","23.7000"
"2015/12/14","24.9200","18066680.0000","24.6800","24.9400","23.7000"
"2015/12/11","24.8400","22967680.0000","25.9100","26.2000","24.8000"
"2015/12/10","25.9100","28097910.0000","24.3600","26.2500","24.3400"
"2015/12/09","24.3100","14672270.0000","24.9800","24.9800","24.1900"
"2015/12/08","24.9900","23612750.0000","24.0400","25.1000","23.5400"
"2015/12/07","24.4600","16841080.0000","24.9900","25.1600","24.1300"
"2015/12/04","25.0200","16772020.0000","25.8100","25.8500","25.0100"
"2015/12/03","25.9000","23832690.0000","25.4800","26.0600","24.9100"
"2015/12/02","25.4000","11822240.0000","25.3100","25.7200","25.1700"
"2015/12/01","25.5300","14767970.0000","25.3900","25.5800","25.0000"
"2015/11/30","25.4000","17597560.0000","25.7800","25.8200","25.0600"
"2015/11/27","25.7500","4179967.0000","25.9800","26.0700","25.6700"
"2015/11/25","26.0600","13047940.0000","25.6200","26.4099","25.5900"
"2015/11/24","25.5200","10370290.0000","25.1700","25.5500","25.0200"
"2015/11/23","25.2000","18126140.0000","26.1100","26.2700","25.0200"
"2015/11/20","26.2700","10789390.0000","26.3200","26.6950","26.0300"
"2015/11/19","26.3200","14203300.0000","25.9400","26.5800","25.9300"
"2015/11/18","25.9000","13925010.0000","25.1700","26.0901","25.1600"
"2015/11/17","25.2300","13240470.0000","25.5400","25.6900","24.9000"
"2015/11/16","25.4100","12228790.0000","25.3300","25.7756","25.0000"
"2015/11/13","25.1800","14258400.0000","25.8900","26.1600","25.1600"
"2015/11/12","26.1300","12537670.0000","26.0800","26.6100","25.8500"
"2015/11/11","26.5000","12704290.0000","27.0800","27.1400","26.3700"
"2015/11/10","27.0500","16522970.0000","26.8100","27.1700","26.2500"
"2015/11/09","27.0900","25592620.0000","28.0700","28.2100","26.6800"
"2015/11/06","28.2800","13558440.0000","28.5800","28.7000","28.0500"
"2015/11/05","28.6600","15507170.0000","29.4700","29.5500","28.4500"
"2015/11/04","29.3600","18752250.0000","29.3600","30.1500","29.2300"
"2015/11/03","29.1300","16676760.0000","29.0900","29.6300","29.0400"
"2015/11/02","29.2000","18512620.0000","28.5400","29.2900","28.0500"
"2015/10/30","28.4600","21906480.0000","29.1300","29.5700","28.3500"
"2015/10/29","29.0600","33469790.0000","30.5800","30.7000","28.9300"
"2015/10/28","30.8700","88894410.0000","28.1300","31.3400","27.7600"
"2015/10/27","31.3400","42258410.0000","31.0200","31.8700","30.6500"
"2015/10/26","30.8900","16747620.0000","30.6300","31.2200","30.4800"
"2015/10/23","30.2800","19816410.0000","29.9700","30.7200","29.6100"
"2015/10/22","29.1500","17390640.0000","29.2400","29.8000","28.7400"
"2015/10/21","29.3000","30698190.0000","29.5000","29.6600","28.6500"
"2015/10/20","30.9100","15787370.0000","30.9400","31.3900","30.4100"
"2015/10/19","30.9100","23914170.0000","31.1500","31.6000","30.5700"
"2015/10/16","31.1500","44338900.0000","30.0800","31.4000","29.3600"
"2015/10/15","29.7100","15799210.0000","29.4600","30.2800","29.0100"
"2015/10/14","29.3800","27502160.0000","29.4600","29.8200","28.3800"
"2015/10/13","29.0600","45741690.0000","29.5500","30.6800","28.8400"
"2015/10/12","28.7500","30550190.0000","30.3000","30.7700","28.6000"
"2015/10/09","30.8500","26819520.0000","30.9000","31.4100","30.2800"
"2015/10/08","30.3200","36380460.0000","29.5700","31.5000","29.0300"
"2015/10/07","29.8300","34703940.0000","28.3500","29.9500","28.0100"
"2015/10/06","27.6200","31274260.0000","28.1600","28.4000","26.7500"
"2015/10/05","28.1500","30894530.0000","26.9900","28.2500","26.3300"
"2015/10/02","26.3100","23430160.0000","24.5000","26.4800","24.3400"
"2015/10/01","24.6800","30871810.0000","26.4700","26.8400","24.6500"
"2015/09/30","26.9400","25378400.0000","25.9400","27.3300","25.8800"
"2015/09/29","25.5900","13398360.0000","25.2300","25.7600","24.9150"
"2015/09/28","25.2600","17416440.0000","24.9600","25.6100","24.6000"
"2015/09/25","25.2900","14538730.0000","26.8400","26.9100","25.1400"
"2015/09/24","26.6000","21296320.0000","26.5100","26.6400","25.3979"
"2015/09/23","26.7900","10816770.0000","26.9700","27.2800","26.5750"
"2015/09/22","26.8300","13434610.0000","27.0500","27.4800","26.6200"
"2015/09/21","27.3800","10468790.0000","27.9800","28.0900","27.1899"
"2015/09/18","27.9600","17477820.0000","27.0400","28.2500","26.9900"
"2015/09/17","27.4100","12854350.0000","27.5400","27.9300","27.0300"
"2015/09/16","27.7500","13279680.0000","27.1400","28.0000","27.0000"
"2015/09/15","27.1700","10112920.0000","27.0400","27.5500","27.0000"
"2015/09/14","26.9000","11520280.0000","27.2100","27.5500","26.7950"
"2015/09/11","27.3900","8790619.0000","27.6300","27.6500","27.1700"
"2015/09/10","27.7100","11224350.0000","27.0700","27.8300","26.9500"
"2015/09/09","27.1800","19322970.0000","27.1700","27.8500","26.4200"
"2015/09/08","27.1800","19165520.0000","28.1500","28.2000","27.0100"
"2015/09/04","28.1500","13484330.0000","27.9500","28.5500","27.8000"
"2015/09/03","28.3000","21294920.0000","28.0300","29.0000","27.8100"
"2015/09/02","27.8200","14366750.0000","27.4700","27.8250","26.8700"
"2015/09/01","27.0300","21071650.0000","27.2300","28.1166","26.7700"
"2015/08/31","27.7900","30678310.0000","27.6400","28.4900","27.3500"
"2015/08/28","26.8300","12367100.0000","26.1900","26.9300","26.0600"
"2015/08/27","26.4600","22418410.0000","25.4400","26.8000","25.2400"
"2015/08/26","25.0300","20489380.0000","24.8000","25.2900","23.8300"
"2015/08/25","24.3800","19823350.0000","26.2900","26.3300","24.3800"
"2015/08/24","25.1700","30065810.0000","23.6100","26.2300","21.0100"
"2015/08/21","25.8700","23615910.0000","25.6500","26.7350","25.5100"
"2015/08/20","26.0000","25132710.0000","27.1500","27.4800","25.9200"
"2015/08/19","27.6100","19931790.0000","28.0600","28.0900","27.1600"
"2015/08/18","28.3000","9589961.0000","28.9100","29.0000","28.3000"
"2015/08/17","29.0600","9525137.0000","29.1900","29.3400","28.9300"
"2015/08/14","29.0600","16595720.0000","28.5000","29.2690","28.4500"
"2015/08/13","28.5400","14886350.0000","29.6000","29.6000","28.4400"
"2015/08/12","29.3900","18535200.0000","29.1100","29.5000","28.5100"
"2015/08/11","29.6200","27789660.0000","29.0100","29.8900","28.5300"
"2015/08/10","29.5000","42380240.0000","28.0900","29.6300","27.8200"
"2015/08/07","27.0400","18338270.0000","27.8000","27.9000","26.8700"
"2015/08/06","27.5400","27538160.0000","28.4000","28.4300","27.2300"
"2015/08/05","28.4800","21172160.0000","29.4100","29.5000","28.4300"
"2015/08/04","29.3400","21790520.0000","29.1100","29.9000","28.9000"
"2015/08/03","29.2700","46558750.0000","30.8500","31.0900","28.6900"
"2015/07/31","31.0100","18117570.0000","31.3800","31.6200","30.8500"
"2015/07/30","31.4700","29370680.0000","31.1000","31.8300","31.0500"
"2015/07/29","31.2400","92736190.0000","32.5900","33.2400","31.0600"
"2015/07/28","36.5400","51802170.0000","34.7000","36.6700","34.1400"
"2015/07/27","34.7000","24553750.0000","35.1100","35.1500","33.8800"
"2015/07/24","35.4200","12963590.0000","36.4100","36.4100","35.3000"
"2015/07/23","36.1900","10383450.0000","36.0000","36.7300","35.9450"
"2015/07/22","36.0900","11731110.0000","36.2300","36.3730","35.5100"
"2015/07/21","36.6300","12487770.0000","35.8200","36.7500","35.7100"
"2015/07/20","35.8100","9874484.0000","35.7500","35.9900","35.2050"
"2015/07/17","35.6700","12785030.0000","36.4600","36.6600","35.6000"
"2015/07/16","36.1000","11309120.0000","35.8900","36.4500","35.7500"
"2015/07/15","35.6600","18246560.0000","36.6600","37.0900","35.5500"
"2015/07/14","36.7200","50021220.0000","35.7800","38.8200","35.7700"
"2015/07/13","35.7800","17090280.0000","34.9900","36.1400","34.7500"
"2015/07/10","34.9100","10624340.0000","34.6800","35.1200","34.4600"
"2015/07/09","34.3600","14009580.0000","35.1700","35.4300","34.3100"
"2015/07/08","34.7600","15472150.0000","35.4100","36.0500","34.6700"
"2015/07/07","35.5200","14173880.0000","35.3500","35.7200","34.5500"
"2015/07/06","35.4300","11288980.0000","35.1700","35.6900","35.0000"
"2015/07/02","35.7200","17636630.0000","35.4000","35.9700","35.1000"
"2015/07/01","35.4000","23662100.0000","36.0500","36.1100","35.2350"
"2015/06/30","36.2200","26035540.0000","34.5000","36.4200","34.4400"
"2015/06/29","34.2100","25169630.0000","34.4700","35.0899","34.1500"
"2015/06/26","35.2600","17293020.0000","34.9700","35.3300","34.6700"
"2015/06/25","35.1700","10726850.0000","35.3600","35.3600","34.9650"
"2015/06/24","35.1700","13006270.0000","35.4000","35.7500","35.1000"
"2015/06/23","35.3700","25867150.0000","35.7800","36.2000","34.9600"
"2015/06/22","35.5500","21383190.0000","35.9500","36.0000","35.3400"
"2015/06/19","35.8600","33384030.0000","34.9700","36.2800","34.8500"
"2015/06/18","34.6600","19421580.0000","34.6300","35.0400","34.4500"
"2015/06/17","34.6900","27223000.0000","34.9900","35.1200","34.1700"
"2015/06/16","34.8200","49686490.0000","34.2300","35.2000","33.5100"
"2015/06/15","34.6700","32811700.0000","35.2400","35.2600","34.3100"
"2015/06/12","35.9000","60832560.0000","36.9000","37.2500","35.5500"
"2015/06/11","35.8400","17365260.0000","35.9200","36.1700","35.7900"
"2015/06/10","35.8500","12620010.0000","36.0100","36.1700","35.6000"
"2015/06/09","35.8800","14010330.0000","36.5000","36.5000","35.5650"
"2015/06/08","36.4600","11735870.0000","36.9100","36.9800","36.4100"
"2015/06/05","37.0000","11812000.0000","36.7900","37.2300","36.6500"
"2015/06/04","36.7100","23712900.0000","37.1700","37.7900","36.5100"
"2015/06/03","37.0000","13929070.0000","36.5100","37.1700","36.4800"
"2015/06/02","36.4000","13103560.0000","36.4500","36.6000","36.1600"
"2015/06/01","36.6300","9973591.0000","36.6900","36.8300","36.4300"
"2015/05/29","36.6700","16818820.0000","37.0500","37.0700","36.5300"
"2015/05/28","36.8300","17887750.0000","36.4900","37.3300","36.3700"
"2015/05/27","36.4100","14449030.0000","36.5000","36.6528","36.1000"
"2015/05/26","36.5100","13033300.0000","36.6700","36.8300","36.3700"
"2015/05/22","36.6000","9836682.0000","36.7000","36.9765","36.5700"
"2015/05/21","36.6800","17428080.0000","36.8100","36.9400","36.3900"
"2015/05/20","36.7800","23330950.0000","37.4900","37.9400","36.5400"
"2015/05/19","37.5000","26910860.0000","37.1400","37.8800","36.9000"
"2015/05/18","37.2800","11221950.0000","37.1000","37.5700","36.9000"
"2015/05/15","37.1000","16780140.0000","37.3600","37.8000","37.0000"
"2015/05/14","37.3300","14212290.0000","37.9300","38.0900","37.2700"
"2015/05/13","37.7200","14053170.0000","37.6600","38.2000","37.5300"
"2015/05/12","37.4800","11755950.0000","37.2900","37.8000","37.0600"
"2015/05/11","37.3100","12287830.0000","37.5800","37.8590","37.2000"
"2015/05/08","37.5900","14352100.0000","38.0200","38.2000","37.5500"
"2015/05/07","37.7100","21217270.0000","37.2400","37.8800","36.9500"
"2015/05/06","37.2600","29038670.0000","37.6900","37.7800","36.5200"
"2015/05/05","37.4200","22560090.0000","38.0000","38.6100","37.3600"
"2015/05/04","37.8800","27588050.0000","38.7200","38.9600","37.5500"
"2015/05/01","37.8400","37603400.0000","39.1900","39.2400","37.3700"
"2015/04/30","38.9600","46579280.0000","39.2800","39.7400","38.4800"
"2015/04/29","38.4900","120201400.0000","40.2100","41.0900","38.0700"
"2015/04/28","42.2700","73809120.0000","52.1600","52.2190","38.3800"
"2015/04/27","51.6600","23760310.0000","50.8400","52.5400","50.8200"
"2015/04/24","50.8200","14718980.0000","51.8500","51.9600","50.2400"
"2015/04/23","51.4100","11441170.0000","51.8700","52.2000","51.2200"
"2015/04/22","51.7300","11436740.0000","51.4800","52.0900","51.3200"
"2015/04/21","51.3200","8435636.0000","51.6800","51.8500","51.1000"
"2015/04/20","51.4000","10984820.0000","51.0700","51.4800","50.5100"
"2015/04/17","50.6600","16585730.0000","51.7100","52.1600","50.1900"
"2015/04/16","52.0300","14282730.0000","51.3000","52.3400","51.1400"
"2015/04/15","51.3000","13167660.0000","51.3300","51.8700","50.9100"
"2015/04/14","51.2000","12206160.0000","51.7500","51.8100","50.6800"
"2015/04/13","51.6200","12249160.0000","51.9900","52.2900","51.4500"
"2015/04/10","51.9400","13235770.0000","52.2900","52.4500","51.3800"
"2015/04/09","52.1700","17841510.0000","52.1500","52.9900","51.5400"
"2015/04/08","52.3000","22324090.0000","53.3200","53.4900","51.9500"
"2015/04/07","52.8700","36804430.0000","51.0100","53.2800","50.8600"
"2015/04/06","50.8400","14513850.0000","50.0300","51.1600","49.8700"
"2015/04/02","50.4200","13390950.0000","50.6400","50.9500","49.8800"
"2015/04/01","50.4700","24261140.0000","51.0000","51.6900","50.1700"
"2015/03/31","50.0800","23847940.0000","49.6200","51.2400","49.5400"
"2015/03/30","49.8900","20337270.0000","50.4500","50.7100","48.6600"
"2015/03/27","50.0100","14819460.0000","50.3500","50.8900","49.9400"
"2015/03/26","49.9200","24340130.0000","49.6500","50.9000","49.4000"
"2015/03/25","49.5000","31639710.0000","51.5000","51.8700","49.3100"
"2015/03/24","51.4700","37878390.0000","48.6700","51.7900","48.5400"
"2015/03/23","48.4600","16376790.0000","48.2400","49.2500","47.8700"
"2015/03/20","48.4400","18623660.0000","48.3600","49.1500","48.2500"
"2015/03/19","47.9300","15934700.0000","46.9600","48.1500","46.4500"
"2015/03/18","47.2000","13087930.0000","46.7500","47.3850","46.1600"
"2015/03/17","46.9300","13344300.0000","46.6600","47.2900","46.4400"
"2015/03/16","46.4300","10218910.0000","46.9000","47.0700","46.0500"
"2015/03/13","46.6600","13341050.0000","46.9400","47.7200","46.4520"
"2015/03/12","47.0700","12183780.0000","46.5700","47.3200","46.5100"
"2015/03/11","46.2700","12248910.0000","45.6600","46.7400","45.1300"
"2015/03/10","45.8400","17240300.0000","47.2300","47.2600","45.7900"
"2015/03/09","47.5900","13608810.0000","47.2200","48.0800","47.1300"
"2015/03/06","46.7500","11484480.0000","47.2600","48.0700","46.5700"
"2015/03/05","47.3500","13479880.0000","47.5900","48.4300","47.2000"
"2015/03/04","47.5700","14274100.0000","47.5100","47.8500","46.4100"
"2015/03/03","47.7100","16666610.0000","48.1300","48.8000","47.4350"
"2015/03/02","48.1500","13416780.0000","48.2600","48.3000","47.3100"
"2015/02/27","48.0800","14983310.0000","49.1900","49.9000","47.9600"
"2015/02/26","49.4100","22306630.0000","48.8100","50.0100","48.6400"
"2015/02/25","48.5500","11635700.0000","48.8000","49.1800","48.2500"
"2015/02/24","48.6900","11052000.0000","48.3300","49.3000","48.0600"
"2015/02/23","48.4700","12491750.0000","49.0200","49.2400","48.3500"
"2015/02/20","49.1100","20678590.0000","48.7600","49.8800","48.6500"
"2015/02/19","48.7000","18139170.0000","47.8400","48.9400","47.4200"
"2015/02/18","47.8200","15493030.0000","48.0000","48.7900","47.3600"
"2015/02/17","48.0300","16657110.0000","48.2000","49.0900","47.8900"
"2015/02/13","48.5000","20793300.0000","47.9300","48.8200","47.5700"
"2015/02/12","47.9500","23062770.0000","47.9800","48.4500","46.8800"
"2015/02/11","47.5000","24689160.0000","46.2700","47.7800","46.1100"
"2015/02/10","46.2600","32226920.0000","47.3500","47.3900","45.5700"
"2015/02/09","47.3200","36088290.0000","46.7300","47.6900","46.5000"
"2015/02/06","48.0100","102867100.0000","46.1200","48.5000","45.8000"
"2015/02/05","41.2600","59950640.0000","42.0400","43.7900","40.9100"
"2015/02/04","40.7200","23061050.0000","40.0500","40.8300","39.8200"
"2015/02/03","39.7900","28296020.0000","38.0000","40.1900","37.6910"
"2015/02/02","37.4600","13879910.0000","37.7000","38.0700","36.9200"
"2015/01/30","37.5300","15370400.0000","36.6500","38.1500","36.4100"
"2015/01/29","36.6800","20000450.0000","37.3900","37.5700","36.0700"
"2015/01/28","37.1500","22270280.0000","38.4300","38.7800","37.0300"
"2015/01/27","38.9200","15719590.0000","39.5600","39.6100","38.3770"
"2015/01/26","40.1000","13815680.0000","39.3300","40.1300","39.0400"
"2015/01/23","39.4200","16427630.0000","39.4800","39.9700","38.7800"
"2015/01/22","39.0700","20409850.0000","37.9800","39.2500","37.5500"
"2015/01/21","37.8300","12161440.0000","37.6500","38.2700","37.3300"
"2015/01/20","37.5700","17570050.0000","37.5900","38.1400","36.5400"
"2015/01/16","37.3100","14951880.0000","37.1800","38.1300","36.8500"
"2015/01/15","36.9300","22921980.0000","39.7000","39.7000","36.8600"
"2015/01/14","39.8500","16015460.0000","38.8900","40.1800","38.8000"
"2015/01/13","39.6500","18375060.0000","39.7400","40.3500","39.2300"
"2015/01/12","39.3700","27577740.0000","40.2800","40.9500","39.3000"
"2015/01/09","40.1700","24668210.0000","39.2200","40.3400","38.2550"
"2015/01/08","39.0900","19036600.0000","37.4200","39.1900","37.0900"
"2015/01/07","37.2800","22636580.0000","39.1000","39.1000","37.0600"
"2015/01/06","38.7600","32966940.0000","36.2700","39.4500","36.0400"
"2015/01/05","36.3800","15020050.0000","36.2600","37.1100","35.6400"
"2015/01/02","36.5600","12008030.0000","36.2300","36.7400","35.5401"
"2014/12/31","35.8700","17637920.0000","35.8900","36.4900","35.4700"
"2014/12/30","35.8600","19457130.0000","36.0200","36.2390","35.4600"
"2014/12/29","36.4200","13540790.0000","37.3900","37.5100","36.3800"
"2014/12/26","37.6000","7311641.0000","37.7600","38.1000","37.5400"
"2014/12/24","37.6100","6263320.0000","37.6700","38.3500","37.5600"
"2014/12/23","37.5700","16848500.0000","38.5800","39.2500","37.4600"
"2014/12/22","38.4300","20047030.0000","37.5000","38.8200","37.3100"
"2014/12/19","37.0800","16005380.0000","36.7000","37.4500","36.5000"
"2014/12/18","36.7300","19075580.0000","36.1300","37.2700","35.9500"
"2014/12/17","35.5700","18525850.0000","35.5600","35.9000","34.9500"
"2014/12/16","35.1300","19181720.0000","36.5000","36.7100","35.0900"
"2014/12/15","36.8500","16799550.0000","38.1300","38.3800","36.7300"
"2014/12/12","37.1000","15201550.0000","36.3100","37.7100","36.1000"
"2014/12/11","36.7000","15699590.0000","36.4500","37.2300","36.2500"
"2014/12/10","36.3500","16477340.0000","36.9100","37.7800","36.2500"
"2014/12/09","37.0500","20473340.0000","34.9700","37.0900","34.6200"
"2014/12/08","36.2900","30052710.0000","38.0800","38.1200","35.7500"
"2014/12/05","38.4900","12530850.0000","38.9700","39.0700","38.3500"
"2014/12/04","38.7900","13017620.0000","38.8000","39.6600","38.6200"
"2014/12/03","39.0600","13206740.0000","39.0000","39.4200","38.3800"
"2014/12/02","38.9100","16412220.0000","39.4000","39.4000","38.3300"
"2014/12/01","39.0400","22099040.0000","41.2900","41.2900","39.0000"
"2014/11/28","41.7400","11113910.0000","41.0900","42.0800","40.8300"
"2014/11/26","41.1300","23770820.0000","39.8300","41.5600","39.7400"
"2014/11/25","39.7600","16136120.0000","40.1200","40.3000","39.5600"
"2014/11/24","40.1900","15145970.0000","39.9900","40.4700","39.5800"
"2014/11/21","40.0300","12042670.0000","40.2500","40.2800","39.8000"
"2014/11/20","39.8100","13701700.0000","39.4900","40.5500","39.3200"
"2014/11/19","39.7100","18987510.0000","40.3500","40.4700","39.2100"
"2014/11/18","40.6100","18586380.0000","40.6900","41.1700","39.9500"
"2014/11/17","40.4700","20614710.0000","41.4600","41.6800","40.4100"
"2014/11/14","41.8500","32997700.0000","40.0200","41.8500","39.7700"
"2014/11/13","40.0400","67136830.0000","43.5500","43.9500","39.9500"
"2014/11/12","42.5400","51555590.0000","39.9400","42.9400","39.6000"
"2014/11/11","39.5900","19176640.0000","39.3100","39.8400","38.8100"
"2014/11/10","39.5900","19023540.0000","40.3400","40.6900","39.4200"
"2014/11/07","40.3100","18534950.0000","40.7400","40.7400","39.7000"
"2014/11/06","40.8400","16265730.0000","40.1900","41.3500","40.1000"
"2014/11/05","40.3700","19688030.0000","41.6900","41.8000","40.1300"
"2014/11/04","40.9000","19510480.0000","40.0250","41.1000","39.7500"
"2014/11/03","40.2100","31382780.0000","40.5500","41.2000","40.1600"
"2014/10/31","41.4700","23855860.0000","42.6900","42.8500","41.3400"
"2014/10/30","41.8000","41978120.0000","41.5600","42.4800","39.9400"
"2014/10/29","42.0800","40069110.0000","43.8500","44.1600","41.8100"
"2014/10/28","43.7800","82900690.0000","42.2500","44.5800","41.7600"
"2014/10/27","48.5600","49986800.0000","50.0200","50.2400","47.1814"
"2014/10/24","49.9500","11978220.0000","50.1600","50.1900","49.1500"
"2014/10/23","49.6700","23068530.0000","50.1300","50.4000","49.2000"
"2014/10/22","49.0800","26109360.0000","51.1300","51.8400","49.0000"
"2014/10/21","50.6300","21304810.0000","51.7600","52.1500","50.3000"
"2014/10/20","50.7000","17734980.0000","49.0700","50.8900","48.8000"
"2014/10/17","48.7700","24610410.0000","49.7200","50.2500","48.6500"
"2014/10/16","48.2300","30783250.0000","48.3400","49.8200","47.1700"
"2014/10/15","49.9900","34350470.0000","47.1100","50.5200","46.3800"
"2014/10/14","48.5800","29674490.0000","49.0600","49.5300","47.0800"
"2014/10/13","48.4900","35261220.0000","50.5400","51.9100","48.2600"
"2014/10/10","50.4000","46676420.0000","54.5700","55.6600","50.3000"
"2014/10/09","55.2900","29720550.0000","55.2900","55.9900","54.9200"
"2014/10/08","55.4200","31022330.0000","53.6200","55.6684","52.6000"
"2014/10/07","53.5300","26015500.0000","53.1200","54.9900","53.1000"
"2014/10/06","53.4900","19982150.0000","53.9400","54.4500","53.2260"
"2014/10/03","53.9400","31178810.0000","52.7500","54.7300","52.1100"
"2014/10/02","51.8500","27006990.0000","51.0300","52.1000","50.0100"
"2014/10/01","50.0600","24721560.0000","51.0800","51.2900","49.1500"
"2014/09/30","51.5800","12256970.0000","52.0000","52.1900","51.1700"
"2014/09/29","51.7400","15373400.0000","51.0900","52.1800","50.8800"
"2014/09/26","51.8900","14088370.0000","51.9700","52.6100","51.7000"
"2014/09/25","51.4500","21017320.0000","52.7100","53.2300","51.2700"
"2014/09/24","52.9600","17641410.0000","52.5500","53.3400","52.1300"
"2014/09/23","52.1700","19973990.0000","51.4600","52.5600","51.0200"
"2014/09/22","51.9400","21700500.0000","52.3800","52.9000","51.3600"
"2014/09/19","53.0000","38138210.0000","50.7800","53.0000","50.1800"
"2014/09/18","50.8800","22452020.0000","50.9700","51.8800","50.5300"
"2014/09/17","50.7000","22840670.0000","50.9700","51.6000","50.1612"
"2014/09/16","50.8300","26701930.0000","48.7000","50.9100","48.4000"
"2014/09/15","49.3800","38300690.0000","51.6000","51.9270","47.5600"
"2014/09/12","52.1100","22908750.0000","52.5500","52.8200","52.0200"
"2014/09/11","52.6400","38040610.0000","52.5500","53.6400","52.1800"
"2014/09/10","52.9100","37769350.0000","52.1100","53.3300","51.8500"
"2014/09/09","50.6100","24994200.0000","52.2300","52.4000","50.2200"
"2014/09/08","52.0000","30794140.0000","51.8000","52.6800","51.6800"
"2014/09/05","50.7000","20225200.0000","50.0900","50.8800","49.5200"
"2014/09/04","50.2400","24389720.0000","49.6900","50.8600","49.2200"
"2014/09/03","49.3300","34351630.0000","51.8300","51.8500","49.0500"
"2014/09/02","51.0200","28188390.0000","50.0200","51.3400","49.9000"
"2014/08/29","49.7500","31908600.0000","49.8900","50.3500","49.1300"
"2014/08/28","49.4300","35018420.0000","47.9800","49.8800","47.8600"
"2014/08/27","48.0600","26106440.0000","48.2400","48.4600","47.1800"
"2014/08/26","48.1700","27535010.0000","46.1000","48.2000","46.0400"
"2014/08/25","46.1000","17540070.0000","46.2200","46.3600","45.7000"
"2014/08/22","45.9800","19406450.0000","45.0400","46.1400","44.8000"
"2014/08/21","45.1100","10596320.0000","45.2900","45.3500","44.8400"
"2014/08/20","45.0600","10366960.0000","44.9300","45.2100","44.7600"
"2014/08/19","45.0900","11873130.0000","45.2400","45.4500","45.0290"
"2014/08/18","45.1200","14808400.0000","45.0600","45.3300","44.7700"
"2014/08/15","44.7600","17770130.0000","45.4700","45.5000","44.4400"
"2014/08/14","45.3300","23590470.0000","44.4000","45.3400","44.0436"
"2014/08/13","44.1500","16131870.0000","44.1200","44.3400","43.6200"
"2014/08/12","43.8100","29498070.0000","44.3800","44.7200","43.6100"
"2014/08/11","43.2700","18372800.0000","43.4800","43.6000","42.7100"
"2014/08/08","43.1300","14965760.0000","43.0200","43.3600","42.5100"
"2014/08/07","43.0000","25367840.0000","43.3700","44.3700","42.8900"
"2014/08/06","43.4600","20328030.0000","43.3900","44.0400","42.7500"
"2014/08/05","43.8300","26357190.0000","43.2500","44.4800","43.0200"
"2014/08/04","43.4700","22379340.0000","43.7000","44.5300","43.4400"
"2014/08/01","44.1300","37146370.0000","45.0100","45.5400","43.8100"
"2014/07/31","45.1900","47101440.0000","44.6200","45.8400","44.3000"
"2014/07/30","46.3000","116050500.0000","47.0100","48.0000","45.6500"
"2014/07/29","38.5900","61034530.0000","38.1100","38.9200","37.9900"
"2014/07/28","37.9300","16692600.0000","38.3000","38.4400","37.5600"
"2014/07/25","38.1600","15936780.0000","38.2000","38.8000","38.0200"
